﻿<?xml version="1.0" encoding="utf-8"?>
<html>
<head>
</head>
<body>
<se>“
<w><ana lex="节" transcr="jie1" sem="see_節骨眼|节骨眼[jie1_gu5_yan3]"/><ana lex="节" transcr="jie2" sem="festival, holiday, node, joint, section, segment, part, to_economize, to_save, to_abridge, moral_integrity, classifier_for_segments,_e.g._lessons,_train_wagons,_biblical_verses, CL:個|个[ge4]"/>节</w>
<w><ana lex="前" transcr="qian2" sem=" front, forward, ahead, first, top_(followed_by_a_number), future, ago, before, BC_(e.g._前293年), former, formerly"/>前</w>
<w><ana lex="上" transcr="shang3" sem="see_上聲|上声[shang3_sheng1]"/><ana lex="上" transcr="shang4" sem=" on_top, upon, above, upper, previous, first_(of_multiple_parts), to_climb, to_get_onto, to_go_up, to_attend_(class_or_university)"/>上</w>
<w><ana lex="我" transcr="wo3" sem=" I, me, my"/>我</w>
<w><ana lex="家" transcr="jia1" sem="see_傢伙|家伙[jia1_huo5]"/><ana lex="家" transcr="Jia1" sem=" surname_Jia"/><ana lex="家" transcr="jia1" sem="home, family, (polite)_my_(sister,_uncle_etc), classifier_for_families_or_businesses, refers_to_the_philosophical_schools_of_pre-Han_China, noun_suffix_for_a_specialist_in_some_activity,_such_as_a_musician_or_revolutionary,_corresponding_to_English_-ist,_-er,_-ary_or_-ian, CL:個|个[ge4]"/>家</w>
<w><ana lex="去" transcr="qu4" sem=" to_go, to_go_to_(a_place), to_cause_to_go_or_send_(sb), to_remove, to_get_rid_of, (when_used_either_before_or_after_a_verb)_to_go_in_order_to_do_sth, to_be_apart_from_in_space_or_time, (after_a_verb_of_motion_indicates_movement_away_from_the_speaker), (used_after_certain_verbs_to_indicate_detachment_or_separation), (of_a_time_or_an_event_etc)_just_passed_or_elapsed"/>去</w>
<w><ana lex="补考" transcr="bu3 kao3" sem="to_sit_for_a_makeup_exam, to_resit_an_exam, makeup_exam, resit"/>补考</w>
<w><ana lex="的" transcr="de5" sem=" of, ~'s_(possessive_particle), (used_after_an_attribute), (used_to_form_a_nominal_expression), (used_at_the_end_of_a_declarative_sentence_for_emphasis)"/><ana lex="的" transcr="di1" sem="see_的士[di1_shi4]"/><ana lex="的" transcr="di2" sem=" really_and_truly"/><ana lex="的" transcr="di4" sem=" aim, clear"/>的</w>，
<w><ana lex="都" transcr="Du1" sem=" surname_Du"/><ana lex="都" transcr="dou1" sem=" all, both, entirely, (used_for_emphasis)_even, already, (not)_at_all"/><ana lex="都" transcr="du1" sem=" capital_city, metropolis"/>都</w>
<w><ana lex="给" transcr="gei3" sem=" to, for, for_the_benefit_of, to_give, to_allow, to_do_sth_(for_sb), (grammatical_equivalent_of_被), (grammatical_equivalent_of_把), (sentence_intensifier)"/><ana lex="给" transcr="ji3" sem=" to_supply, to_provide"/>给</w>
<w><ana lex="我" transcr="wo3" sem=" I, me, my"/>我</w>
<w><ana lex="站起来" transcr="zhan4 qi3 lai5" sem="to_stand_up"/>站起来</w>！”</se>
</body>
</html>
