﻿<?xml version="1.0" encoding="utf-8"?>
<html>
<head>
</head>
<body>
  <para id="0">
    <se lang="uk" variant_id="0">10</se>
    <se lang="ru" variant_id="1">10</se>
  </para>
  <para id="1">
    <se lang="uk" variant_id="0">At a still later stage of the party, certain rearrangements had again taken place.</se>
    <se lang="ru" variant_id="1">На еще более поздней стадии вечеринки вновь произошли некоторые перегруппировки.</se>
  </para>
  <para id="2">
    <se lang="uk" variant_id="0">In a corner of the davenport, bored Clements was flipping through an album of Flemish Masterpieces that Victor had been given by his mother and had left with Pnin.</se>
    <se lang="ru" variant_id="1">В углу кушетки скучающий Лоренс перелистывал альбом "Фламандские шедевры", подаренный Виктору матерью и забытый им у Пнина.</se>
  </para>
  <para id="3">
    <se lang="uk" variant_id="0">Joan sat on a footstool, at her husband's knee, a plate of grapes in the lap of her wide skirt, wondering when would it be time to go without hurting Timofey's feelings.</se>
    <se lang="ru" variant_id="1">Джоан сидела на скамейке у мужниных ног, поставив тарелку с виноградом на подол широкой юбки, и прикидывала, когда можно будет уйти, не обидев Тимофея.</se>
  </para>
  <para id="4">
    <se lang="uk" variant_id="0">The others were listening to Hagen discussing modern education:</se>
    <se lang="ru" variant_id="1">Прочие слушали рассуждения Гагена о современном образовании:</se>
  </para>
  <para id="5">
    <se lang="uk" variant_id="0">'You may laugh,' he said, casting a sharp glance at Clements вЂ” who shook his head, denying the charge, and then passed the album to Joan, pointing out something in it that had suddenly provoked his glee.</se>
    <se lang="ru" variant_id="1">- Можете надо мной смеяться, - говорил он, бросая острый взгляд на Клементса, который покачал головой, отвергая вызов, и протянул альбом Джоан, показав ей в нем нечто такое, от чего она захихикала.</se>
  </para>
  <para id="6">
    <se lang="uk" variant_id="0">'You may laugh, but I affirm that the only way to escape from the morass вЂ” just a drop, Timofey: that will do вЂ” is to lock up the student in a soundproof cell and eliminate the lecture room.'</se>
    <se lang="ru" variant_id="1">- Можете надо мной смеяться, но я утверждаю, что единственный способ выбраться из этой трясины, - самую капельку, Тимофей, спасибо, - это запереть студента в звуконепроницаемой камере и уничтожить лекционные залы.</se>
  </para>
  <para id="7">
    <se lang="uk" variant_id="0">'Yes, that's it,' said Joan to her husband under her breath, banding the album back to him.</se>
    <se lang="ru" variant_id="1">- Да, конечно, - шепотом сказала мужу Джоан, возвращая альбом.</se>
  </para>
  <para id="8">
    <se lang="uk" variant_id="0">'I am glad you agree, Joan,' continued Hagen.</se>
    <se lang="ru" variant_id="1">- Я рад, что вы со мной согласны, Джоан, - продолжал Гаген.</se>
  </para>
  <para id="9">
    <se lang="uk" variant_id="0">'However, I have been called an enfant terrible for expounding this theory, and perhaps you will not go on agreeing so easily when you hear me out.</se>
    <se lang="ru" variant_id="1">- Однако, когда я попытался развить эти мысли, меня назвали "enfant terrible"1 и, быть может, дослушав меня до конца, вы не так легко со мной согласитесь.</se>
  </para>
  <para id="10">
    <se lang="uk" variant_id="0">Phonograph records on every possible subject will be at the isolated student's disposal...'</se>
    <se lang="ru" variant_id="1">В распоряжении изолированного студента будут фонографические записи по всевозможным предметам...</se>
  </para>
  <para id="11">
    <se lang="uk" variant_id="0">'But the personality of the lecturer,' said Margaret Thayer.</se>
    <se lang="ru" variant_id="1">- Но личность лектора, - сказала Маргарет Тейер.</se>
  </para>
  <para id="12">
    <se lang="uk" variant_id="0">'Surely that counts for something.'</se>
    <se lang="ru" variant_id="1">- Она же что-нибудь да значит.</se>
  </para>
  <para id="13">
    <se lang="uk" variant_id="0">'It does not!' shouted Hagen.</se>
    <se lang="ru" variant_id="1">- Ничего! - выкрикнул Гаген.</se>
  </para>
  <para id="14">
    <se lang="uk" variant_id="0">'That is the tragedy!</se>
    <se lang="ru" variant_id="1">- В том-то и ужас!</se>
  </para>
  <para id="15">
    <se lang="uk" variant_id="0">Who, for example, wants him' вЂ” he pointed to radiant Pnin вЂ” 'who wants his personality?</se>
    <se lang="ru" variant_id="1">Кому, например, нужна его, - он указал на сияющего Пнина, - кому нужна его личность?</se>
  </para>
  <para id="16">
    <se lang="uk" variant_id="0">Nobody!</se>
    <se lang="ru" variant_id="1">Никому!</se>
  </para>
  <para id="17">
    <se lang="uk" variant_id="0">They will reject Timofey's wonderful personality without a quaver.</se>
    <se lang="ru" variant_id="1">Они, не дрогнув, откажутся от блестящей личности Тимофея.</se>
  </para>
  <para id="18">
    <se lang="uk" variant_id="0">The world wants a machine, not a Timofey.'</se>
    <se lang="ru" variant_id="1">Миру нужна машина, а не Тимофей.</se>
  </para>
  <para id="19">
    <se lang="uk" variant_id="0">'One could have Timofey televised,' said Cements.</se>
    <se lang="ru" variant_id="1">- Тимофея можно было бы показывать по телевизору, - сказал Клементс.</se>
  </para>
  <para id="20">
    <se lang="uk" variant_id="0">'Oh, I would love that,' said Joan, beaming at her host, and Betty nodded vigorously.</se>
    <se lang="ru" variant_id="1">- О, я бы смотрела с восторгом, - сказала Джоан, улыбнувшись хозяину, а Бетти с силой закивала.</se>
  </para>
  <para id="21">
    <se lang="uk" variant_id="0">Pnin bowed deeply to them with an 'I-am-disarmed' spreading of both hands.</se>
    <se lang="ru" variant_id="1">Пнин низко им поклонился и развел руками - "обезоружен".</se>
  </para>
  <para id="22">
    <se lang="uk" variant_id="0">'And what do you think of my controversial plan?' asked Hagen of Thomas.</se>
    <se lang="ru" variant_id="1">- А что думаете вы о моем спорном проекте? - спросил Гаген у Томаса.</se>
  </para>
  <para id="23">
    <se lang="uk" variant_id="0">'I can tell you what Tom thinks,' said Cements, still contemplating the same picture in the book that lay open on his knees.</se>
    <se lang="ru" variant_id="1">- Я могу вам сказать, что думает Том,- произнес Клементс, продолжая разглядывать все ту же картинку в книге, раскрытой у него на коленях.</se>
  </para>
  <para id="24">
    <se lang="uk" variant_id="0">'Tom thinks that the best method of teaching anything is to rely on discussion in class, which means letting twenty young blockheads and two cocky neurotics discuss for fifty minutes something that neither their teacher nor they know.</se>
    <se lang="ru" variant_id="1">- Том думает, что наилучший способ обучения чему бы то ни было состоит в том, чтобы устраивать обсуждения в классе, то есть дозволять двадцати безмозглым юнцам и двум нахальным невротикам пятьдесят минут толковать о том, о чем понятия не имеют ни они, ни их преподаватель.</se>
  </para>
  <para id="25">
    <se lang="uk" variant_id="0">Now, for the last three months,' he went on, without any logical transition. 'I have been looking for this picture, and here it is.</se>
    <se lang="ru" variant_id="1">Надо же, - продолжал он без всякого логического перехода, - три последних месяца ищу эту картину, а она - вот она.</se>
  </para>
  <para id="26">
    <se lang="uk" variant_id="0">The publisher of my new book on the Philosophy of Gesture wants a portrait of me, and Joan and I knew we had seen somewhere a stunning likeness by an Old Master but could not even recall his period.</se>
    <se lang="ru" variant_id="1">Издателю моей новой книги по философии жеста понадобился мой портрет, а мы с Джоан знаем, что видели нечто поразительно похожее у старых мастеров, но даже период вспомнить не можем.</se>
  </para>
  <para id="27">
    <se lang="uk" variant_id="0">Well, here it is, here it is.</se>
    <se lang="ru" variant_id="1">И вот, пожалуйста.</se>
  </para>
  <para id="28">
    <se lang="uk" variant_id="0">The only retouching needed would be the addition of a sport shirt and the deletion of this warrior's hand.'</se>
    <se lang="ru" variant_id="1">Только и осталось, что добавить спортивную рубашку, да убрать руку этого вояки.</se>
  </para>
  <para id="29">
    <se lang="uk" variant_id="0">'I must really protest,' began Thomas.</se>
    <se lang="ru" variant_id="1">- Я вынужден решительно протестовать, - начал Томас.</se>
  </para>
  <para id="30">
    <se lang="uk" variant_id="0">Clements passed the open book to Margaret Thayer, and she burst out laughing.</se>
    <se lang="ru" variant_id="1">Клемент передал раскрытый альбом Маргарет Тейер, и та раскатисто засмеялась.</se>
  </para>
  <para id="31">
    <se lang="uk" variant_id="0">'I must protest, Laurence,' said Tom.</se>
    <se lang="ru" variant_id="1">- Я вынужден протестовать, Лоренс, - сказал Томас.</se>
  </para>
  <para id="32">
    <se lang="uk" variant_id="0">'A relaxed discussion in an atmosphere of broad generalizations is a more realistic approach to education than the old-fashioned formal lecture.'</se>
    <se lang="ru" variant_id="1">- Свободное обсуждение с привлечением широких обобщений - это гораздо более реалистичный подход к образованию, чем старомодное чтение формальных лекций.</se>
  </para>
  <para id="33">
    <se lang="uk" variant_id="0">'Sure, sure,' said Clements.</se>
    <se lang="ru" variant_id="1">- Разумеется, разумеется, - сказал Клементс.</se>
  </para>
  <para id="34">
    <se lang="uk" variant_id="0">Joan scrambled up to her feet and covered her glass with her narrow palm when Pnin offered to replenish it.</se>
    <se lang="ru" variant_id="1">Джоан поднялась и накрыла узкой ладонью стакан, который собрался наполнить Пнин.</se>
  </para>
  <para id="35">
    <se lang="uk" variant_id="0">Mrs Thayer looked at her wrist-watch, and then at her husband.</se>
    <se lang="ru" variant_id="1">Миссис Тейер посмотрела на часики, после - на мужа.</se>
  </para>
  <para id="36">
    <se lang="uk" variant_id="0">A soft yawn distended Laurence's mouth.</se>
    <se lang="ru" variant_id="1">Мягкий зевок растянул Лоренсов рот.</se>
  </para>
  <para id="37">
    <se lang="uk" variant_id="0">Betty asked Thomas if he knew a man called Fogelman, an expert in bats, who lived in Santa Clara, Cuba.</se>
    <se lang="ru" variant_id="1">Бетти спросила у Томаса, не знает ли он человека по фамилии Фогельман, специалиста по летучим мышам, который живет в Санта-Кларе на Кубе.</se>
  </para>
  <para id="38">
    <se lang="uk" variant_id="0">Hagen asked for a glass of water or beer.</se>
    <se lang="ru" variant_id="1">Гаген попросил стакан воды или пива.</se>
  </para>
  <para id="39">
    <se lang="uk" variant_id="0">Whom does he remind me of? thought Pnin suddenly.</se>
    <se lang="ru" variant_id="1">Кого он мне напоминает? - внезапно подумал Пнин.</se>
  </para>
  <para id="40">
    <se lang="uk" variant_id="0">Eric Wind?</se>
    <se lang="ru" variant_id="1">- Эрика Винда?</se>
  </para>
  <para id="41">
    <se lang="uk" variant_id="0">Why?</se>
    <se lang="ru" variant_id="1">Но почему?</se>
  </para>
  <para id="42">
    <se lang="uk" variant_id="0">They are quite different physically.</se>
    <se lang="ru" variant_id="1">Внешне они совершенно различны.</se>
  </para>
</body>
</html>
