﻿<?xml version="1.0" encoding="utf-8"?>
<html>
<head>
</head>
<body>
  <para id="0">
    <se lang="uk" variant_id="0">1</se>
    <se lang="ru" variant_id="1">1</se>
  </para>
  <para id="1">
    <se lang="uk" variant_id="0">The King, his father, wearing a very white sports shirt open at the throat and a very black blazer, sat at a spacious desk whose highly polished surface twinned his upper half in reverse, making of him a kind of court card.</se>
    <se lang="ru" variant_id="1">Король, его отец, в белой-белой спортивной рубашке с отложным воротником и черном-черном блейзере сидел за просторным столом, чья полированная поверхность удваивала, перевернув, верхнюю половину тела, превращая его в подобие фигурной карты. По стенам огромной, в деревянных панелях, комнаты темнели портреты предков.</se>
  </para>
  <para id="2">
    <se lang="uk" variant_id="0">Ancestral portraits darkened the walls of the vast panelled room.</se>
    <se lang="ru" variant_id="1">В остальном она мало чем отличалась от кабинета директора школы Св.</se>
  </para>
  <para id="3">
    <se lang="uk" variant_id="0">Otherwise, it was not unlike the headmaster's study at St Bart's School, on the Atlantic seaboard, some three thousand miles west of the imagined Palace.</se>
    <se lang="ru" variant_id="1">Варфоломея, находящейся на побережьи Атлантики - примерно в трех тысячах миль к западу от воображаемого Дворца.</se>
  </para>
  <para id="4">
    <se lang="uk" variant_id="0">A copious spring shower kept lashing at the french windows, beyond which young greenery, all eyes, shivered and streamed.</se>
    <se lang="ru" variant_id="1">Обильный весенний ливень хлестал по французским окнам, за которыми, куда ни глянь, дрожала и дымилась зеленая молодая листва.</se>
  </para>
  <para id="5">
    <se lang="uk" variant_id="0">Nothing but this sheet of rain seemed to separate and protect the Palace from the revolution that for several days had been rocking the city....</se>
    <se lang="ru" variant_id="1">Казалось, ничто, кроме пелены дождя, не отделяет и не защищает Дворец от революции, которая вот уже несколько дней сотрясала город. ...</se>
  </para>
  <para id="6">
    <se lang="uk" variant_id="0">Actually, Victor's father was a cranky refugee doctor, whom the lad had never much liked and had not seen now for almost two years.</se>
    <se lang="ru" variant_id="1">На самом деле отцом Виктора был чудаковатый беженец-доктор, которого он никогда особенно не любил и которого не видел теперь уже почти два года.</se>
  </para>
  <para id="7">
    <se lang="uk" variant_id="0">The King, his more plausible father, had decided not to abdicate.</se>
    <se lang="ru" variant_id="1">Король, его более приемлемый отец, принял решение не отрекаться.</se>
  </para>
  <para id="8">
    <se lang="uk" variant_id="0">No newspapers were coming out.</se>
    <se lang="ru" variant_id="1">Газеты не выходили.</se>
  </para>
  <para id="9">
    <se lang="uk" variant_id="0">The Orient Express was stranded, with all its transient passengers, at a suburban station, on the platform of which, reflected in puddles, picturesque peasants stood and gaped at the curtained windows of the long, mysterious cars.</se>
    <se lang="ru" variant_id="1">Восточный Экспресс со всеми его транзитными пассажирами застрял на пригородной станции, картинные пейзане стояли на дебаркадере, отражаясь в лужах и глазея на занавешенные окна длинных загадочных вагонов.</se>
  </para>
  <para id="10">
    <se lang="uk" variant_id="0">The Palace, and its terraced gardens, and the city below the palatial hill, and the main city square, where decapitations and folk dances had already started, despite the weather вЂ” all this was at the heart of a cross whose arms terminated in Trieste, Graz, Budapest, and Zagreb, as designated in Rand McNally's Ready Reference Atlas of the World.</se>
    <se lang="ru" variant_id="1">Дворец с его террасными садами и город под дворцовым холмом, и главная площадь города, где, несмотря на погоду, уже рубили головы и плясал народ, - все это находилось в самом центре креста, поперечины коего обрывались в Триесте, Граце, Будапеште и Загребе, как показывает "Справочный атлас мира" Рэнда Мак-Нэлли.</se>
  </para>
  <para id="11">
    <se lang="uk" variant_id="0">And at the heart of that heart sat the King, pale and calm, and on the whole closely resembling his son as that under-former imagined he would look at forty himself.</se>
    <se lang="ru" variant_id="1">А в самом центре этого центра сидел Король, спокойный и бледный и в целом довольно похожий на сына, каким этот подросток воображал себя в свои сорок лет.</se>
  </para>
  <para id="12">
    <se lang="uk" variant_id="0">Pale and calm, a cup of coffee in his hand, his back to the emerald-and-grey window, the King sat listening to a masked messenger, a corpulent old nobleman in a wet cloak, who had managed to make his way through the rebellion and the rain from the besieged Council Hall to the isolated Palace.</se>
    <se lang="ru" variant_id="1">Спокойный и бледный, с чашкой кофе в руке, Король сидел спиной к изумрудово-серому окну и слушал не снявшего маски посланца - дородного пожилого вельможу в мокром плаще, сумевшего сквозь дождь и мятеж проскользнуть из осажденного Государственного Совета в отрезанный от мира Дворец.</se>
  </para>
  <para id="13">
    <se lang="uk" variant_id="0">'Abdication!</se>
    <se lang="ru" variant_id="1">- Абдикация!</se>
  </para>
  <para id="14">
    <se lang="uk" variant_id="0">One-third of the alphabet!' coldly quipped the King, with the trace of an accent. 'The answer is no.</se>
    <se lang="ru" variant_id="1">Добрая треть алфавита! - с легким акцентом холодно и язвительно молвил Король.- Я отвечаю - нет.</se>
  </para>
  <para id="15">
    <se lang="uk" variant_id="0">I prefer the unknown quantity of exile.'</se>
    <se lang="ru" variant_id="1">Предпочитаю неизвестную величину изгнания.</se>
  </para>
  <para id="16">
    <se lang="uk" variant_id="0">Saying this, the King, a widower, glanced at the desk photograph of a beautiful dead woman, at those great blue eyes, that carmine mouth (it was a coloured photo, not fit for a king, but no matter).</se>
    <se lang="ru" variant_id="1">Сказавши так, вдовый Король взглянул на настольную фотографию прекрасной женщины (ныне покойной), на ее огромные голубые глаза, на карминовый рот (фото было цветным, негоже для короля, ну да ладно).</se>
  </para>
  <para id="17">
    <se lang="uk" variant_id="0">The lilacs, in sudden premature bloom, wildly beat, like shut-out maskers, at the dripping panes.</se>
    <se lang="ru" variant_id="1">Ветви сирени, расцветшей внезапно и преждевременно, буйно бились в обрызганные дождем стекла, словно маски, не допущенные на бал.</se>
  </para>
  <para id="18">
    <se lang="uk" variant_id="0">The old messenger bowed and walked backward through the wilderness of the study, wondering secretly whether it would not be wiser for him to leave history alone and make a dash for Vienna where he had some property....</se>
    <se lang="ru" variant_id="1">Старый посланец поклонился и побрел по пустоши кабинета назад, втайне раздумывая, не умнее ли будет оставить в покое историю и удрать в Вену, где у него имелась кое-какая недвижимость. ...</se>
  </para>
  <para id="19">
    <se lang="uk" variant_id="0">Of course, Victor's mother was not really dead; she had left his everyday father, Dr Eric Wind (now in South America), and was about to be married in Buffalo to a man named Church.</se>
    <se lang="ru" variant_id="1">Конечно, мать Виктора на самом-то деле вовсе не умерла; она разошлась с его отцом, доктором Эриком Виндом (ныне проживающим в Южной Америке) и вот-вот собиралась выйти в Буффало замуж за человека по фамилии Черч.</se>
  </para>
  <para id="20">
    <se lang="uk" variant_id="0">Victor indulged night after night in these mild fancies, trying to induce sleep in his cold cubicle which was exposed to every noise in the restless dorm.</se>
    <se lang="ru" variant_id="1">Ночь за ночью Виктор погружался в эти легкие мечтания, стараясь приманить сон в свою холодную нишу, куда из неугомонного дортуара долетал каждый звук.</se>
  </para>
  <para id="21">
    <se lang="uk" variant_id="0">Generally he did not reach that crucial flight episode when the King alone вЂ” solus rex (as chess problem makers term royal solitude) вЂ” paced a beach on the Bohemian Sea, at Tempest Point, where Percival Blake, a cheerful American adventurer, had promised to meet him with a powerful motor-boat.</se>
    <se lang="ru" variant_id="1">Обычно он не успевал добраться до решающего эпизода бегства, когда Король, в одиночестве - solus rex1 (как именуют одинокого короля шахматные композиторы), - мерил шагами берег Богемского моря на мысе Бурь, где обещал ожидать его в мощной моторной лодке Персиваль Блейк, развеселый американец-авантюрист.</se>
  </para>
  <para id="22">
    <se lang="uk" variant_id="0">Indeed, the very act of postponing that thrilling and soothing episode, the very protraction of its lure, coming as it did on top of the repetitive fancy, formed the main mechanism of its soporific effect.</se>
    <se lang="ru" variant_id="1">В сущности, сама отсрочка этого волнующего и утешительного эпизода, само продленье соблазна, венчающего раз от разу повторявшиеся фантазии, и образовывали основной механизм усыпительного воздействия.</se>
  </para>
  <para id="23">
    <se lang="uk" variant_id="0">An Italian film made in Berlin for American consumption, with a wild-eyed youngster in rumpled shorts, pursued through slums and ruins and a brothel or two by a multiple agent; a version of The Scarlet Pimpernel, recently staged at St Martha's, the nearest girls' school; an anonymous Kafkaesque story in a ci-devant avant-garde magazine read aloud in class by Mr Pennant, a melancholy Englishman with a past; and, not least, the residue of various family allusions of long standing to the flight of Russian intellectuals from Lenin's rГ©gime thirty-five years ago вЂ” these were the obvious sources of Victor's fantasies; they may have been, at one time, intensely affecting; by now they had become frankly utilitarian, as a simple and pleasant drug.</se>
    <se lang="ru" variant_id="1">Снятый в Берлине для американской аудитории итальянский фильм, в котором мальчишку с обезумевшим взором и в мятых шортах гнал по трущобам, развалинам и борделям многократный агент; версия "Очного цвета", недавно поставленная в соседней женской школе Св. Марфы; анонимный кафкианский рассказ, напечатанный в журнале ci-devant avant-garde1 и прочитанный в классе мистером Пеннантом, меланхолическим англичанином "с прошлым"; и не в последнюю очередь обрывки семейных преданий о давнем (тому уже тридцать пять лет) бегстве русских интеллигентов от ленинского режима; - вот очевидные источники Викторовых фантазий; одно время они сильно его волновали, но ныне приобрели характер чисто утилитарный - простого и приятного снотворного средства.</se>
  </para>
</body>
</html>
