﻿<?xml version="1.0" encoding="utf-8"?>
<html>
<head>
</head>
<body>
  <para id="0">
    <se lang="uk" variant_id="0">3</se>
    <se lang="ru" variant_id="1">3</se>
  </para>
  <para id="1">
    <se lang="uk" variant_id="0">Both Eric and Liza Wind were morbidly concerned with heredity, and instead of delighting in Victor's artistic genius, they used to worry gloomily about its genetic cause.</se>
    <se lang="ru" variant_id="1">ИЭрика, и Лизу Винд болезненно занимала наследственность и вместо того, чтобы радоваться художественному дарованию Виктора, они cумрачно тревожились по поводу ее родовых корней.</se>
  </para>
  <para id="2">
    <se lang="uk" variant_id="0">Art and science had been represented rather vividly in the ancestral past.</se>
    <se lang="ru" variant_id="1">Искусство и наука были довольно живо представлены в унаследованном им прошлом.</se>
  </para>
  <para id="3">
    <se lang="uk" variant_id="0">Should one trace Victor's passion for pigments back to Hans Andersen (no relation to the bedside Dane), who had been a stained-glass artist in LГјbeck before losing his mind (and believing himself to be a cathedral) soon after his beloved daughter married a grey-haired Hamburg jeweller, author of a monograph on sapphires, and Eric's maternal grandfather?</se>
    <se lang="ru" variant_id="1">Следовало ли отнести пристрастие Виктора к краскам на счет Ганса Андерсена (никакого родства со снотворным датчанином), бывшего в Любеке витражным художником, пока он не спятил (вообразив себя кафедральным собором) вскоре после того, как его любимая дочь вышла за седого гамбургского ювелира, автора монографии о сапфирах и деда Эрика по материнской линии?</se>
  </para>
  <para id="4">
    <se lang="uk" variant_id="0">Or was Victor's almost pathological precision of pencil and pen a by-product of Bogolepov's science?</se>
    <se lang="ru" variant_id="1">Или Викторова почти патологическая точность во владении карандашом и пером явилась побочным продуктом боголеповской учености?</se>
  </para>
  <para id="5">
    <se lang="uk" variant_id="0">For Victor's mother's great-grandfather, the seventh son of a country pope, had been no other than that singular genius, Feofilakt Bogolepov, whose only rival for the title of greatest Russian mathematician was Nikolay Lobachevski.</se>
    <se lang="ru" variant_id="1">Ибо прадедом матери Виктора (и седьмым сыном деревенского батюшки) был никто иной, как тот самый редкостный гений, Феофилакт Боголепов, у которого один лишь Николай Лобачевский и мог оспорить звание величайшего русского математика.</se>
  </para>
  <para id="6">
    <se lang="uk" variant_id="0">One wonders.</se>
    <se lang="ru" variant_id="1">Остается только гадать.</se>
  </para>
  <para id="7">
    <se lang="uk" variant_id="0">Genius is non-conformity.</se>
    <se lang="ru" variant_id="1">Гений - это несхожесть.</se>
  </para>
  <para id="8">
    <se lang="uk" variant_id="0">At two, Victor did not make little spiral scribbles to express buttons or port-holes, as a million tots do, why not you?</se>
    <se lang="ru" variant_id="1">Двух лет от роду Виктор не чертил спиралистых загогулин, пытаясь изобразить пуговицу или иллюминатор, как делают миллионы детей, - а у тебя почему не так?</se>
  </para>
  <para id="9">
    <se lang="uk" variant_id="0">Lovingly he made his circles perfectly round and perfectly closed.</se>
    <se lang="ru" variant_id="1">Он любовно выводил круги - совершенно круглые и совершенно замкнутые.</se>
  </para>
  <para id="10">
    <se lang="uk" variant_id="0">A three-year-old child, when asked to copy a square, shapes one recognizable corner and then is content to render the rest of the outline as wavy or circular; but Victor at three not only copied the researcher's (Dr Liza Wind's) far from ideal square with contemptuous accuracy but added a smaller one beside the copy.</se>
    <se lang="ru" variant_id="1">Трехлетний ребенок, когда его просят срисовать квадрат, изображает один сносный угол, а все прочее удовлетворенно передает волнистой или скругленной чертой; Виктор же в три года не только с презрительной точностью воспроизвел далеко не идеальный квадратик, изображенный исследователем (д-р Лайза Винд), но и добавил рядом с копией другой - поменьше.</se>
  </para>
  <para id="11">
    <se lang="uk" variant_id="0">He never went through that initial stage of graphic activity when infants draw KopffГјsslers (tadpole people), or humpty dumpties with L-like legs, and arms ending in rake prongs; in fact, he avoided the human form altogether and when pressed by Papa (Dr Eric Wind) to draw Mama (Dr Liza Wind), responded with a lovely undulation, which he said was her shadow on the new refrigerator.</se>
    <se lang="ru" variant_id="1">Он так и не прошел той начальной стадии графической активности, на которой дети рисуют "Kopffьssler'ов" (головастиков) или шалтаев-болтаев с L-образными ножками и с руками, заканчивающимися грабельными зубьями; собственно говоря, он вообще избегал изображать человеческие фигуры, и когда папа (д-р Эрик Винд) заставил его нарисовать маму (д-р Лайза Винд), он отозвался прелестной волной, сообщив, что это - мамина тень на новом холодильнике.</se>
  </para>
  <para id="12">
    <se lang="uk" variant_id="0">At four, he evolved an individual stipple.</se>
    <se lang="ru" variant_id="1">В четыре года он выдумал собственный способ штриховки.</se>
  </para>
  <para id="13">
    <se lang="uk" variant_id="0">At five, he began to draw objects in perspective вЂ” a side wall nicely foreshortened, a tree dwarfed by distance, one object half masking another.</se>
    <se lang="ru" variant_id="1">В пять начал рисовать предметы в перспективе: точный ракурс боковой стены, карликовое деревце вдали, один предмет полузаслоняет другой.</se>
  </para>
  <para id="14">
    <se lang="uk" variant_id="0">And at six, Victor already distinguished what so many adults never learn to see вЂ” the colours of shadows, the difference in tint between the shadow of an orange and that of a plum or of an avocado pear.</se>
    <se lang="ru" variant_id="1">А в шесть Виктор уже различал то, чего многие взрослые так и не научаются видеть - оттенки теней, разницу в цвете между тенью от апельсина и тенью от сливы или плода авокадо.</se>
  </para>
  <para id="15">
    <se lang="uk" variant_id="0">To the Winds, Victor was a problem child insofar as he refused to be one.</se>
    <se lang="ru" variant_id="1">Для Виндов Виктор был трудным ребенком постольку, поскольку он таковым быть отказывался.</se>
  </para>
  <para id="16">
    <se lang="uk" variant_id="0">From the Wind point of view, every male child had an ardent desire to castrate his father and a nostalgic urge to re-enter his mother's body.</se>
    <se lang="ru" variant_id="1">С точки зрения Винда каждому мальчику свойственны пылкое стремление оскопить своего отца и ностальгическая потребность вновь войти в материнское лоно.</se>
  </para>
  <para id="17">
    <se lang="uk" variant_id="0">But Victor did not reveal any behaviour disorder, did not pick his nose, did not suck his thumb, was not even a nail-biter.</se>
    <se lang="ru" variant_id="1">Однако Виктор не обнаруживал никаких поведенческих отклонений - в носу не ковырял, большого пальца не сосал и даже ногтей не обкусывал.</se>
  </para>
  <para id="18">
    <se lang="uk" variant_id="0">Dr Wind, with the object of eliminating what he, a radiophile, termed 'the static of personal relationship', had his impregnable child tested psychometrically at the Institute by a couple of outsiders, young Dr Stern and his smiling wife (I am Louis and this is Christina).</se>
    <se lang="ru" variant_id="1">Д-р Винд, дабы избегнуть того, что он, будучи радиофилом, именовал "статическими наводками личностного родства", подверг своего неприступного сына психометрическому тестированию, проведенному в Институте двумя сторонними лицами • молодым д-ром Стерном и его улыбчивой женой ("Я - Луис, а это Кристина").</se>
  </para>
  <para id="19">
    <se lang="uk" variant_id="0">But the results were either monstrous or nil: the seven-year-old subject scored on the so-called Godunov Drawing-of-an-Animal Test a sensational mental age of seventeen, but on being given a Fairview Adult Test promptly sank to the mentality of a two-year-old.</se>
    <se lang="ru" variant_id="1">Результаты, впрочем, оказались не то пугающими, не то нулевыми: семилетний субъект проявил в так называемом "Тесте на изображение животных" Годунова сенсационное умственное развитие семнадцатилетнего юноши, когда же ему был предъявлен так называемый "Тест для подростков" Фэрвью, соответствующий показатель быстро съехал до уровня двух лет.</se>
  </para>
  <para id="20">
    <se lang="uk" variant_id="0">How much care, skill, inventiveness have gone to devise those marvellous techniques!</se>
    <se lang="ru" variant_id="1">Сколько трудов, мастерства и выдумки потрачено на разработку этих изумительных методов!</se>
  </para>
  <para id="21">
    <se lang="uk" variant_id="0">What a shame that certain patients refuse to cooperate!</se>
    <se lang="ru" variant_id="1">А некоторые пациенты совсем не желают сотрудничать, просто позор!</se>
  </para>
  <para id="22">
    <se lang="uk" variant_id="0">There is, for instance, the Kent-Rosanoff Absolutely Free Association Test, in which little Joe or Jane is asked to respond to a Stimulus Word, such as table, duck, music, sickness, thickness, low, deep, long, happiness, fruit, mother, mushroom.</se>
    <se lang="ru" variant_id="1">Существует, к примеру, "Тест на абсолютно свободные ассоциации" Кента-Розанофф, в котором малютку Джо или Джейн просят откликаться на "стимулирующие слова", каковы "стол", "утка", "музыка", "тошнота", "толщина", "низкий", "глубокий", "длинный", "блаженство", "плод", "мать", "гриб".</se>
  </para>
  <para id="23">
    <se lang="uk" variant_id="0">There is the charming BiГЁvre Interest-Attitude Game (a blessing on rainy afternoons), in which little Sam or Ruby is asked to put a little mark in front of the things about which he or she feels sort of fearful, such as dying, falling, dreaming, cyclones, funerals, father, night, operation, bedroom, bathroom, converge, and so forth; there is the Augusta Angst Abstract Test in which the little one (das Kleine) is made to express a list of terms ('groaning', 'pleasure', 'darkness ') by means of unlifted lines.</se>
    <se lang="ru" variant_id="1">Существует очаровательная игра "Любопытство-Позиция" Бьевра - утеха дождливых вечеров, - когда маленьких Сэма или Руби просят выставлять закорючки против названий тех вещей, которых он (она) побаивается, к примеру, "смерть", "падение", "сновидение", "циклоны", "похороны", "отец", "ночь", "операция", "спальня", "ванная", "сливаться" и тому подобное; существует "Абстрактный тест" Августы Ангст, в котором малышке (das Kleine) приказывают изобразить не отрывая руки понятия из заданного списка ("стоны", "наслаждение", "темнота").</se>
  </para>
  <para id="24">
    <se lang="uk" variant_id="0">And there is, of course, the Doll Play, in which Patrick or Patricia is given two identical rubber dolls and a cute little bit of clay which Pat must fix on one of them before he or she starts playing, and oh the lovely doll house, with so many rooms and lots of quaint miniature objects, including a chamber pot no bigger than a cupule, and a medicine chest, and a poker, and a double bed, and even a pair of teeny-weeny rubber gloves in the kitchen, and you may be as mean as you like and do anything you want to Papa doll if you think he is beating Mama doll when they put out the lights in the bedroom.</se>
    <se lang="ru" variant_id="1">И, конечно, есть еще "Игра в куклы", где маленьким Патрику или Патриции предлагают чету одинаковых резиновых куколок и хорошенький кусочек пластилина, - который Пат может приделать к одной из них перед тем, как она или он начинает игру, - а еще выдают красивенький кукольный домик, в котором так много комнат и масса изящных крошечных вещиц, включая ночной горшок размером не более желудевой чашечки и домашнюю аптечку, и кочергу, и двуспальную кровать, и даже махонькие резиновые перчатки на кухне, и ты, детка, можешь быть совсем нехорошим(-ей) и делать с куклой-папой все, что захочешь, если тебе покажется, что она побила куклу-маму, когда в их спальне погас свет.</se>
  </para>
  <para id="25">
    <se lang="uk" variant_id="0">But bad Victor would not play with Lou and Tina, ignored the dolls, struck out all the listed words (which was against the rules), and made drawings that had no subhuman significance whatever.</se>
    <se lang="ru" variant_id="1">Но дурной мальчик Виктор не пожелал играть с Лу и Тиной, он пренебрег куколками, он вычеркнул все перечисленные в списке слова (что вообще против правил) и сотворил рисунки, не имеющие вовсе никакого недочеловеческого значения.</se>
  </para>
  <para id="26">
    <se lang="uk" variant_id="0">Nothing of the slightest interest to therapists could Victor be made to discover in those beautiful, beautiful Rorschach ink blots, wherein children see, or should see, all kinds of things, seascapes, escapes, capes, the worms of imbecility, neurotic tree trunks, erotic galoshes, umbrellas, and dumb-bells.</se>
    <se lang="ru" variant_id="1">Ничего, представлявшего хотя бы малейший интерес для терапевтов, не смог обнаружить Виктор и в тех прекрасных, да, прекрасных! кляксах Роршаха, в которых другие детишки видят (или обязаны видеть) самые разные вещи - репки, скрепки и поскребки, червей имбецильности, невротические стволы, эротические галоши, зонты или гантели.</se>
  </para>
  <para id="27">
    <se lang="uk" variant_id="0">Nor did any of Victor's casual sketches represent the so-called mandala вЂ” a term supposedly meaning (in Sanskrit) a magic ring, and applied by Dr Jung and others to any doodle in the shape of a more or less fourfold spreading structure, such as a halved mangosteen, or a cross, or the wheel on which egos are broken like Morphos, or more exactly, the molecule of carbon, with its four valences вЂ” that main chemical component of the brain, automatically magnified and reflected on paper.</se>
    <se lang="ru" variant_id="1">Опять-таки, и ни один из небрежных набросков Виктора не представлял так называемой мандалы, - термин, предположительно означающий (на санскрите) магический круг, • д-р Юнг и с ним иные прилагают его ко всякой каракульке, более-менее близкой по форме к четырехсторонней протяженной структуре, - таковы, например, ополовиненный манговый плод или колесо, или крест, на котором эго распинаются, как морфо на расправилках, или, говоря совсем уже точно, молекула углерода с четверкой ее валентностей - эта главная химическая компонента мозга, машинально увеличиваемая и отображаемая на бумаге.</se>
  </para>
  <para id="28">
    <se lang="uk" variant_id="0">The Sterns reported that' unfortunately the psychic value of Victor's Mind Pictures and Word Associations is completely obscured by the boy's artistic inclinations.' And thenceforth the Winds' little patient, who had trouble in going to sleep and lacked appetite, was allowed to read in bed till after midnight and evade oatmeal in the morning.</se>
    <se lang="ru" variant_id="1">Стерны сообщали, что "к сожалению, психологическая ценность ментальных картин и словесных ассоциаций Виктора полностью затемняется художественными наклонностями мальчика". И с той поры маленькому пациенту Виндов, трудно засыпавшему и страдавшему отсутствием аппетита, разрешили читать в постели заполночь и уклоняться от утренней овсянки.</se>
  </para>
</body>
</html>
