﻿<?xml version="1.0" encoding="utf-8"?>
<html>
<head>
</head>
<body>
  <para id="0">
    <se lang="uk" variant_id="0">5</se>
    <se lang="ru" variant_id="1">5</se>
  </para>
  <para id="1">
    <se lang="uk" variant_id="0">Dinner was served on the screened porch.</se>
    <se lang="ru" variant_id="1">Обед подавали на крытой веранде.</se>
  </para>
  <para id="2">
    <se lang="uk" variant_id="0">As he sat down next to Bolotov and began to stir the sour cream in his red botvinia (chilled beet soup), wherein pink ice cubes tinkled, Pnin automatically resumed an earlier conversation.</se>
    <se lang="ru" variant_id="1">Усевшись около Болотовых и распуская сметану в красной ботвинье, где тренькали красноватые кубики льда, Пнин машинально возобновил прежний разговор.</se>
  </para>
  <para id="3">
    <se lang="uk" variant_id="0">'You will notice,' he said, 'that there is a significant difference between Lyovin's spiritual time and Vronski's physical one.</se>
    <se lang="ru" variant_id="1">- Обратите внимание, - сказал он, - на значительное расхождение между духовным временем Левина и телесным - Вронского.</se>
  </para>
  <para id="4">
    <se lang="uk" variant_id="0">In mid book, Lyovin and Kitty lag behind Vronski and Anna by a whole year.</se>
    <se lang="ru" variant_id="1">К середине книги Левин и Китти отстают от Вронского с Анной на целый год.</se>
  </para>
  <para id="5">
    <se lang="uk" variant_id="0">When, on a Sunday evening in May 1876, Anna throws herself under that freight train, she has existed more than four years since the beginning of the novel, but in the case of the Lyovins, during the same period, 1872 to 1876, hardly three years have elapsed.</se>
    <se lang="ru" variant_id="1">А к тому воскресному вечеру в мае 1876 года, когда Анна бросается под товарный поезд, она успевает прожить с начала романа больше четырех лет; для Левина за тот же период - с 1872-го по 1876-й - минуло едва ли три года.</se>
  </para>
  <para id="6">
    <se lang="uk" variant_id="0">It is the best example of relativity in literature that is known to me.'</se>
    <se lang="ru" variant_id="1">Это лучший пример относительности в литературе, какой мне известен.</se>
  </para>
  <para id="7">
    <se lang="uk" variant_id="0">After dinner, a game of croquet was suggested.</se>
    <se lang="ru" variant_id="1">Отобедав, предложили играть в крокет.</se>
  </para>
  <para id="8">
    <se lang="uk" variant_id="0">These people favoured the time-honoured but technically illegal setting of hoops, where two of the ten are crossed at the centre of the ground to form the so-called Cage or Mousetrap.</se>
    <se lang="ru" variant_id="1">Тут предпочитали расстановку ворот, освященную временем, но технически совершенно неправомочную, когда пару ворот из десяти перекрещивают в середине поля, образуя так называемую "клетку", или "мышеловку".</se>
  </para>
  <para id="9">
    <se lang="uk" variant_id="0">It became immediately clear that Pnin, who teamed with Madam Bolotov against Shpolyanski and Countess Poroshin, was by far the best player of the lot.</se>
    <se lang="ru" variant_id="1">Сразу выяснилось, что Пнин, игравший в паре с мадам Болотовой против Шполянского и графини Порошиной, как игрок превосходит всех остальных.</se>
  </para>
  <para id="10">
    <se lang="uk" variant_id="0">As soon as the pegs were driven in and the game started, the man was transfigured.</se>
    <se lang="ru" variant_id="1">Едва только вбили колышки и приступили к игре, как он преобразился.</se>
  </para>
  <para id="11">
    <se lang="uk" variant_id="0">From his habitual, slow, ponderous, rather rigid self, he changed into a terrifically mobile, scampering, mute, sly-visaged hunchback.</se>
    <se lang="ru" variant_id="1">Из привычно медлительного, тяжеловесного и довольно скованного господина он превратился в страшно подвижного, скачущего, безгласого горбуна с хитрой физиономией.</se>
  </para>
  <para id="12">
    <se lang="uk" variant_id="0">It seemed to be always his turn to play.</se>
    <se lang="ru" variant_id="1">Казалось, постоянно была его очередь бить.</se>
  </para>
  <para id="13">
    <se lang="uk" variant_id="0">Holding his mallet very low and daintily swinging it between his parted spindly legs (he had created a minor sensation by changing into Bermuda shorts expressly for the game), Pnin foreshadowed every stroke with nimble aim-taking oscillations of the mallet head, then gave the ball an accurate tap, and forthwith, still hunched, and with the ball still rolling, walked rapidly to the spot where he had planned for it to stop.</se>
    <se lang="ru" variant_id="1">Держа молоток очень низко над землей и чуть помахивая им между расставленных журавлиных ножек (он произвел небольшую сенсацию, переодевшись к игре в бермудские шорты), Пнин предварял каждый удар легкими прицельными качаниями, затем аккуратно тюкал по шару и тотчас, еще сгорбленный, пока шар катился, резво перебегал в то место, где, по его расчетам, шару предстояло остановиться.</se>
  </para>
  <para id="14">
    <se lang="uk" variant_id="0">With geometrical gusto, he ran it through hoops, evoking cries of admiration from the onlookers.</se>
    <se lang="ru" variant_id="1">С геометрическим шиком он прогнал его через все ворота, исторгнув у болельщиков вопли восторга.</se>
  </para>
  <para id="15">
    <se lang="uk" variant_id="0">Even Igor Poroshin, who was passing by like a shadow with two cans of beer he was carrying to some private banquet, stopped for a second and shook his head appreciatively before vanishing in the shrubbery.</se>
    <se lang="ru" variant_id="1">Даже Игорь Порошин, словно тень проходивший мимо, неся две жестянки пива на какое-то приватное пиршество, на секунду привстал и одобрительно покивал головой, перед тем как сгинуть в кустах.</se>
  </para>
  <para id="16">
    <se lang="uk" variant_id="0">Plaints and protests, however, would mingle with the applause when Pnin, with brutal indifference, croqueted, or rather rocketed, an adversary's ball.</se>
    <se lang="ru" variant_id="1">Впрочем, с рукоплесканиями смешивались жалобы и протесты, когда Пнин с жестоким безразличием крокетировал или, правильнее, ракетировал шар противника.</se>
  </para>
  <para id="17">
    <se lang="uk" variant_id="0">Placing in contact with it his own ball, and firmly putting his curiously small foot upon the latter, Be would bang at his ball so as to drive the other up the country by the shock of the stroke.</se>
    <se lang="ru" variant_id="1">Помещая вплотную к нему свой шар и утверждая на нем удивительно маленькую ступню, он с такой силой бил по своему, что чужой улетал с поля.</se>
  </para>
  <para id="18">
    <se lang="uk" variant_id="0">When appealed to, Susan said it was completely against the rules, but Madam Shpolyanski insisted it was perfectly acceptable and said that when she was a child her English governess used to call it a Hong Kong.</se>
    <se lang="ru" variant_id="1">Обратились к Сюзан и она сказала, что это полностью против правил, но мадам Шполянская заверила всех, что прием этот вполне законен, добавив в подтверждение, что, когда она была маленькой, ее английская гувернантка называла его "Гонконгом".</se>
  </para>
  <para id="19">
    <se lang="uk" variant_id="0">After Pnin had tolled the stake and all was over, and Varvara accompanied Susan to get the evening tea ready, Pnin quietly retired to a bench under the pines.</se>
    <se lang="ru" variant_id="1">После того, как Пнин коснулся столба, и игра завершилась, и Варвара ушла с Сюзан накрывать стол к вечернему чаю, Пнин тихо ретировался на скамейку под соснами.</se>
  </para>
  <para id="20">
    <se lang="uk" variant_id="0">A certain extremely unpleasant and frightening cardiac sensation, which he had experienced several times throughout his adult life, had come upon him again.</se>
    <se lang="ru" variant_id="1">Какое-то до крайности неприятное и пугающее ощущение в сердце, испытанное им лишь несколько раз во всю его взрослую жизнь, вновь посетило его.</se>
  </para>
  <para id="21">
    <se lang="uk" variant_id="0">It was not pain or palpitation, but rather an awful feeling of sinking and melting into one's physical surroundings вЂ” sunset, red boles of trees, sand, still air.</se>
    <se lang="ru" variant_id="1">Не боль, не перебои, но довольно жуткое чувство утопания в окружающем мире и растворения в нем - в закате, в красных древесных стволах, в песке, в тихом воздухе.</se>
  </para>
  <para id="22">
    <se lang="uk" variant_id="0">Meanwhile, Roza Shpolyanski, noticing Pnin sitting alone, and taking advantage of this, walked over to him ('sidite, sidite!' don't get up) and sat down next to him on the bench.</se>
    <se lang="ru" variant_id="1">Между тем, Роза Шполянская, заметив, что Пнин сидит в одиночестве и воспользовавшись этим, подошла к нему ("сидите, сидите!") и опустилась рядышком на скамью.</se>
  </para>
  <para id="23">
    <se lang="uk" variant_id="0">'In 1916 or 1917,' she said, 'you may have had occasion to hear my maiden name вЂ” Geller вЂ” from some great friends of yours.'</se>
    <se lang="ru" variant_id="1">- Году в 16-м или в 17-м, - сказала она, - вы должны были слышать мою девичью фамилию, Геллер, - от одних ваших близких друзей.</se>
  </para>
  <para id="24">
    <se lang="uk" variant_id="0">'No, I don't recollect,' said Pnin.</se>
    <se lang="ru" variant_id="1">- Нет, не припомню, - сказал Пнин.</se>
  </para>
  <para id="25">
    <se lang="uk" variant_id="0">'It is of no importance, anyway.</se>
    <se lang="ru" variant_id="1">- Да это в общем-то и не важно.</se>
  </para>
  <para id="26">
    <se lang="uk" variant_id="0">I don't think we ever met.</se>
    <se lang="ru" variant_id="1">Не думаю, чтобы мы когда-то встречались.</se>
  </para>
  <para id="27">
    <se lang="uk" variant_id="0">But you knew well my cousins, Grisha and Mira Belochkin.</se>
    <se lang="ru" variant_id="1">А вот моих кузенов, Гришу и Миру Белочкиных, вы знали хорошо.</se>
  </para>
  <para id="28">
    <se lang="uk" variant_id="0">They constantly spoke of you.</se>
    <se lang="ru" variant_id="1">Они все время о вас рассказывали.</se>
  </para>
  <para id="29">
    <se lang="uk" variant_id="0">He is living in Sweden, I think вЂ” and, of course, you have heard of his poor sister's terrible end....'</se>
    <se lang="ru" variant_id="1">Он теперь живет в Швейцарии, по-моему, - и вы слышали, конечно, об ужасном конце его бедной сестры...</se>
  </para>
  <para id="30">
    <se lang="uk" variant_id="0">'Indeed, I have,' said Pnin.</se>
    <se lang="ru" variant_id="1">- Да, конечно, - сказал Пнин.</se>
  </para>
  <para id="31">
    <se lang="uk" variant_id="0">'Her husband,' said Madam Shpolyanski, 'was a most charming man, Samuil Lvovich and I knew him and his first wife, Svetlana Chertok, the pianist, very intimately.</se>
    <se lang="ru" variant_id="1">- Ее муж, - сказала мадам Шполянская, - был милейший человек, мы с Самуил Львовичем очень близко знали его и его первую жену, Светлану Черток, пианистку.</se>
  </para>
  <para id="32">
    <se lang="uk" variant_id="0">He was interned by the Nazis separately from Mira, and died in the same concentration camp as did my elder brother Misha.</se>
    <se lang="ru" variant_id="1">Нацисты интернировали его отдельно от Миры, он погиб в том же лагере, что и мой старший брат, Миша.</se>
  </para>
  <para id="33">
    <se lang="uk" variant_id="0">You did not know Misha, did you?</se>
    <se lang="ru" variant_id="1">Вы не знали Мишу, нет?</se>
  </para>
  <para id="34">
    <se lang="uk" variant_id="0">He was also in love with Mira once upon a time.'</se>
    <se lang="ru" variant_id="1">Он тоже был когда-то влюблен в Миру.</se>
  </para>
  <para id="35">
    <se lang="uk" variant_id="0">'Tshay gotoff (tea's ready),' called Susan from the porch in her funny functional Russian.</se>
    <se lang="ru" variant_id="1">- Тшай готофф, - позвала с веранды Сюзан на своем забавном чисто-практическом русском.</se>
  </para>
  <para id="36">
    <se lang="uk" variant_id="0">'Timofey, Rozochka!</se>
    <se lang="ru" variant_id="1">- Тимофей, Розочка!</se>
  </para>
  <para id="37">
    <se lang="uk" variant_id="0">Tshay!'</se>
    <se lang="ru" variant_id="1">Тшай!</se>
  </para>
  <para id="38">
    <se lang="uk" variant_id="0">Pnin told Madam Shpolyanski he would follow her in a minute, and after she had gone he continued to sit in the first dusk of the arbour, his hands clasped on the croquet mallet he still held.</se>
    <se lang="ru" variant_id="1">Пнин сказал мадам Шполянской, что через минуту придет, но остался после ее ухода сидеть в темнеющей аллее, сложив ладони на молотке, который он все еще держал.</se>
  </para>
  <para id="39">
    <se lang="uk" variant_id="0">Two kerosene lamps cosily illuminated the porch of the country house.</se>
    <se lang="ru" variant_id="1">Две керосиновых лампы уютно освещали дачную веранду.</se>
  </para>
  <para id="40">
    <se lang="uk" variant_id="0">Dr Pavel Antonovich Pnin, Timofey's father, an eye specialist, and Dr Yakov Grigorievich Belochkin, Mira's father, a paediatrician, could not be torn away from their chess game in a corner of the veranda, so Madam Belochkin had the maid serve them there вЂ” on a special small Japanese table, near the one they were playing at вЂ” their glasses of tea in silver holders, the curd and whey with black bread, the Garden Strawberries, zemlyanika, and the other cultivated species, klubnika (Hautbois or Green Strawberries), and the radiant golden jams, and the various biscuits, wafers, pretzels, zwiebacks вЂ” instead of calling the two engrossed doctors to the main table at the other end of the porch, where sat the rest of the family and guests, some clear, some grading into a luminous mist.</se>
    <se lang="ru" variant_id="1">Доктор Павел Антонович Пнин, отец Тимофея, глазной специалист, и доктор Яков Григорьевич Белочкин, отец Миры, педиатр, никак не могли оторваться от шахмат в углу веранды, так что госпожа Белочкина попросила горничную отнести им чай - стаканы в серебряных подстаканниках, простоквашу с черным хлебом, землянику и ее культурную разновидность, клубнику, и лучистые золотые варенья, и бисквиты, и вафли, и крендельки, и сухарики - туда, на особый японский столик, близ которого они играли, чтобы не звать двух поглощенных игрой докторов на другой конец веранды, к общему столу, за которым сидели остальные члены семьи и гости - кто ясно различимый, кто потонувший в лучезарном тумане.</se>
  </para>
  <para id="41">
    <se lang="uk" variant_id="0">Dr Belochkin's blind hand took a pretzel; Dr Pnin's seeing hand took a rook.</se>
    <se lang="ru" variant_id="1">Незрячая рука доктора Белочкина взяла кренделек; зрячая рука доктора Пнина взяла ладью.</se>
  </para>
  <para id="42">
    <se lang="uk" variant_id="0">Dr Belochkin munched and stared at the hole in his ranks; Dr Pnin dipped an abstract zwieback into the hole of his tea.</se>
    <se lang="ru" variant_id="1">Доктор Белочкин хрустнул крендельком и уставился на прореху в рядах своих фигур; доктор Пнин макнул умозрительный сухарик в чайный стакан.</se>
  </para>
  <para id="43">
    <se lang="uk" variant_id="0">The country house that the Belochkins rented that summer was in the same Baltic resort near which the widow of General NвЂ” let a summer cottage to the Pnins on the confines of her vast estate, marshy and rugged, with dark woods hemming in a desolate manor.</se>
    <se lang="ru" variant_id="1">Сельский дом, тем летом нанятый Белочкиными, находился на том же балтийском курорте, вблизи которого сдавала Пниным дачу вдова генерала Н., - дача стояла на границе ее обширных владений, заболоченных и неровных, с запущенной усадьбой в бахроме темных лесов.</se>
  </para>
  <para id="44">
    <se lang="uk" variant_id="0">Timofey Pnin was again the clumsy, shy, obstinate, eighteen-year-old boy, waiting in the dark for Mira вЂ” and despite the fact that logical thought put electric bulbs into the kerosene lamps and reshuffled the people, turning them into ageing Г©migrГ©s and securely, hopelessly, forever wire-netting the lighted porch, my poor Pnin, with hallucinatory sharpness, imagined Mira slipping out of there into the garden and coming toward him among tall tobacco flowers whose dull white mingled in the dark with that of her frock.</se>
    <se lang="ru" variant_id="1">Тимофей Пнин был снова неловким, застенчивым и упрямым восемнадцатилетним юношей, ожидающим в сумерках Миру, - и хотя рассудочное мышление ввернуло в керосиновые лампы по электрической колбе, перетасовало людей, обратив их в стареющих эмигрантов, и прочно, безнадежно, навеки обнесло светящуюся веранду проволочной сетью, мой бедный Пнин с галлюцинаторной отчетливостью увидел Миру, с веранды скользнувшую в сад и шедшую к нему меж высоких душистых цветков табака, чья смутная белизна сливалась с белизной ее платья.</se>
  </para>
  <para id="45">
    <se lang="uk" variant_id="0">This feeling coincided somehow with the sense of diffusion and dilation within his chest.</se>
    <se lang="ru" variant_id="1">Видение как-то связывалось с ощущением распирания и взбухания в груди.</se>
  </para>
  <para id="46">
    <se lang="uk" variant_id="0">Gently he laid his mallet aside and, to dissipate the anguish, started walking away from the house, through the silent pine grove.</se>
    <se lang="ru" variant_id="1">Он осторожно отложил молоток и, чтобы избыть эту муку, пошел прочь от дома по примолкшей сосновой роще.</se>
  </para>
  <para id="47">
    <se lang="uk" variant_id="0">From a car which was parked near the garden tool house and which contained presumably at least two of his fellow guests' children, there issued a steady trickle of radio music.</se>
    <se lang="ru" variant_id="1">Из стоящей у сторожки с садовыми инструментами машины, в которой укрылись по крайности двое гостящих детей, исходил устойчивый стрекот радиомузыки.</se>
  </para>
  <para id="48">
    <se lang="uk" variant_id="0">'Jazz, jazz, they always must have their jazz, those youngsters,' muttered Pnin to himself, and turned into the path that led to the forest and river.</se>
    <se lang="ru" variant_id="1">- Джаз, джаз, жить они не могут без джаза, эти дети, • проворчал про себя Пнин и свернул на тропинку, ведущую в лес и к реке.</se>
  </para>
  <para id="49">
    <se lang="uk" variant_id="0">He remembered the fads of his and Mira's youth, the amateur theatricals, the gipsy ballads, the passion she had for photography.</se>
    <se lang="ru" variant_id="1">Он вспомнил увлечения своей и Мириной юности - любительские спектакли, цыганские песни, ее страсть к фотографии.</se>
  </para>
  <para id="50">
    <se lang="uk" variant_id="0">Where were they now, those artistic snapshots she used to take вЂ” pets, clouds, flowers, an April glade with shadows of birches on wet-sugar snow, soldiers posturing on the roof of a box-car, a sunset skyline, a hand holding a book?</se>
    <se lang="ru" variant_id="1">Где они ныне - художественные снимки, которые она делала постоянно: щенята, облака, цветы, апрельская прогалина с тенями берез на влажном сахаристом снегу, солдаты, позирующие на крыше товарного вагона, край закатного неба, рука, держащая книгу?</se>
  </para>
  <para id="51">
    <se lang="uk" variant_id="0">He remembered the last day they had met, on the Neva embankment in Petrograd, and the tears, and the stars, and the warm rose-red silk lining of her karakul muff.</se>
    <se lang="ru" variant_id="1">Он вспомнил их последнюю встречу на набережной Невы в Петрограде и слезы, и звезды, и тепло шелковой красной, как роза, изнанки ее каракулевой муфты.</se>
  </para>
  <para id="52">
    <se lang="uk" variant_id="0">The Civil War of 1918-22 separated them: history broke their engagement.</se>
    <se lang="ru" variant_id="1">Гражданская война (1918-1922) разлучила их: история разорвала их помолвку.</se>
  </para>
  <para id="53">
    <se lang="uk" variant_id="0">Timofey wandered southward, to join briefly the ranks of Denikin's army, while Mira's family escaped from the Bolsheviks to Sweden and then settled down in Germany, where eventually she married a fur dealer of Russian extraction.</se>
    <se lang="ru" variant_id="1">Тимофей отправился на юг, чтобы ненадолго примкнуть к деникинской армии, а семья Миры бежала от большевиков в Швецию, потом осела в Германии, и там Мира со временем вышла замуж за русского торговца пушниной.</se>
  </para>
  <para id="54">
    <se lang="uk" variant_id="0">Sometime in the early thirties, Pnin, by then married too, accompanied his wife to Berlin, where she wished to attend a congress of psychotherapists, and one night, at a Russian restaurant on the KurfГјrstendamm, he saw Mira again.</se>
    <se lang="ru" variant_id="1">В самом начале тридцатых Пнин, к тому времени уже женившийся, приехал с женою в Берлин, где она хотела побывать на в конгрессе психотерапевтов, и как-то вечером в русском ресторане на Курфюстендамм снова встретился с Мирой.</se>
  </para>
  <para id="55">
    <se lang="uk" variant_id="0">They exchanged a few words, she smiled at him in the remembered fashion, from under her dark brows, with that bashful slyness of hers; and the contour of her prominent cheekbones, and the elongated eyes, and the slenderness of arm and ankle were unchanged, were immortal, and then she joined her husband who was getting his overcoat at the cloakroom, and that was all вЂ” but the pang of tenderness remained, akin to the vibrating outline of verses you know you know but cannot recall.</se>
    <se lang="ru" variant_id="1">Они обменялись несколькими словами, она улыбнулась ему памятной улыбкой - из-под темных бровей - с присущим ей выражением застенчивого лукавства, и обвод ее приподнятых скул, удлиненные глаза, нежность кистей и щиколок остались все теми, остались бессмертными, - а потом она присоединилась к мужу, надевавшему в гардеробе пальто, и вот и все, уцелела лишь замирающая нежность, родственная дрожащему очерку стихов, которые знаешь, что знаешь, но припомнить не можешь.</se>
  </para>
  <para id="56">
    <se lang="uk" variant_id="0">What chatty Madam Shpolyanski mentioned had conjured up Mira's image with unusual force. This was disturbing.</se>
    <se lang="ru" variant_id="1">То, о чем помянула разговорчивая мадам Шполянская, вернуло образ Миры с необычайной силой, и это встревожило Пнина.</se>
  </para>
  <para id="57">
    <se lang="uk" variant_id="0">Only in the detachment of an incurable complaint, in the sanity of near death, could one cope with this for a moment.</se>
    <se lang="ru" variant_id="1">Лишь в отчуждении неизлечимой болезни, в равновесии разума, знаменующем близкую смерть, с этим можно было на миг совладать.</se>
  </para>
  <para id="58">
    <se lang="uk" variant_id="0">In order to exist rationally, Pnin had taught himself, during the last ten years, never to remember Mira Belochkin вЂ” not because, in itself, the evocation of a youthful love affair, banal and brief, threatened his peace of mind (alas, recollections of his marriage to Liza were imperious enough to crowd out any former romance), but because, if one were quite sincere with oneself, no conscience, and hence no consciousness, could be expected to subsist in a world where such things as Mira's death were possible.</se>
    <se lang="ru" variant_id="1">Чтобы жить, сохраняя рассудок, Пнин в последние десять лет приучил себя никогда не вспоминать о Мире Белочкиной, - и не потому, что память о юношеской любви, банальной и краткой, сама по себе угрожала миру его души (увы, воспоминания о браке с Лизой были достаточно властными, чтобы вытеснить какой угодно прежний роман), но потому, что никакая совесть и, следовательно, никакое сознание не в состоянии уцелеть в мире, где возможны такие вещи, как смерть Миры.</se>
  </para>
  <para id="59">
    <se lang="uk" variant_id="0">One had to forget вЂ” because one could not live with the thought that this graceful, fragile, tender young woman with those eyes, that smile, those gardens and snows in the background, had been brought in a cattle car to an extermination camp and killed by an injection of phenol into the heart, into the gentle heart one had heard beating under one's lips in the dusk of the past.</se>
    <se lang="ru" variant_id="1">Приходится забывать, - ведь нельзя же жить с мыслью о том, что эту грациозную, хрупкую молодую женщину с такими глазами, с такой улыбкой, с такими садами и снегами в прошлом, привезли в скотском вагоне в лагерь уничтожения и умертвили инъекцией фенола в сердце, в нежное сердце, которое билось в сумерках прошлого под твоими губами.</se>
  </para>
  <para id="60">
    <se lang="uk" variant_id="0">And since the exact form of her death had not been recorded, Mira kept dying a great number of deaths in one's mind, and undergoing a great number of resurrections, only to die again and again, led away by a trained nurse, inoculated with filth, tetanus bacilli, broken glass, gassed in a sham shower-bath with prussic acid, burned alive in a pit on a gasoline-soaked pile of beechwood.</se>
    <se lang="ru" variant_id="1">И поскольку точных характер ее смерти зарегистрирован не был, в его сознании Мира умирала множеством смертей и множество раз воскресала лишь для того, чтобы умирать снова и снова: вышколенная медицинская сестра уводила ее, и хрустело стекло, и ей прививали какую-то пакость, столбнячную сыворотку, и травили синильной кислотой под фальшивым душем, и сжигали заживо в яме, на политых бензином буковых дровах.</se>
  </para>
  <para id="61">
    <se lang="uk" variant_id="0">According to the investigator Pnin had happened to talk to in Washington, the only certain thing was that being too weak to work (though still smiling, still able to help other Jewish women), she was selected to die and was cremated only a few days after her arrival in Buchenwald, in the beautifully wooded Grosser Ettersberg, as the region is resoundingly called.</se>
    <se lang="ru" variant_id="1">По словам следователя, с которым Пнину довелось разговаривать в Вашингтоне, только одно можно было сказать наверное: слишком слабую чтобы работать (хотя еще улыбавшуюся и находившую силы помогать другим еврейкам), ее отобрали для умерщвления и сожгли всего через несколько дней после прибытия в Бухенвальд, в прекрасные леса Большого Эттерсберга, как звучно звался этот край.</se>
  </para>
  <para id="62">
    <se lang="uk" variant_id="0">It is an hour's stroll from Weimar, where walked Goethe, Herder, Schiller, Wieland, the inimitable Kotzebue and others.</se>
    <se lang="ru" variant_id="1">Это - час неспешной прогулки от Веймара, здесь бродили Гете, Гердер, Шиллер, Виланд, неподражаемый Коцебу и иные.</se>
  </para>
  <para id="63">
    <se lang="uk" variant_id="0">'Aber warum вЂ” but why вЂ” ' Dr Hagen, the gentlest of souls alive, would wail, 'why had one to put that horrid camp so near!' for indeed, it was near вЂ” only five miles from the cultural heart of Germany вЂ” 'that nation of universities,' as the President of Waindell College, renowned for his use of the mot juste, had so elegantly phrased it when reviewing the European situation in a recent Commencement speech, along with the compliment he paid another torture house, 'Russia вЂ” the country of Tolstoy, Stanislavski, Raskolnikov, and other great and good men.'</se>
    <se lang="ru" variant_id="1">"Aber warum" - ну почему, - стенал доктор Гаген, нежнейшая из душ живых, - почему им нужно было устроить этот кошмарный лагерь так близко!" • ибо и впрямь он был близок (каких-то пять миль) к культурному сердцу Германии, "этой нации университетов", как изысканно выразился президент вайнделлского колледжа, известный своим пристрастием к mot juste1, делая по случаю Дня Благодарения обзор европейской ситуации, в котором он не пожалел теплых слов и для другого пыточного застенка - для "России, страны Толстого, Станиславского, Раскольникова и других великих и достойных людей".</se>
  </para>
  <para id="64">
    <se lang="uk" variant_id="0">Pnin slowly walked under the solemn pines.</se>
    <se lang="ru" variant_id="1">Пнин медленно шел под торжественными соснами.</se>
  </para>
  <para id="65">
    <se lang="uk" variant_id="0">The sky was dying.' He did not believe in an autocratic God.</se>
    <se lang="ru" variant_id="1">Небо угасало. Он не верил во всевластного Бога.</se>
  </para>
  <para id="66">
    <se lang="uk" variant_id="0">He did believe, dimly, in a democracy of ghosts.</se>
    <se lang="ru" variant_id="1">Он верил, довольно смутно, в демократию духов.</se>
  </para>
  <para id="67">
    <se lang="uk" variant_id="0">The souls of the dead, perhaps, formed committees, and these, in continuous session, attended to the destinies of the quick.</se>
    <se lang="ru" variant_id="1">Может быть, души умерших собираются в комитеты и, неустанно в них заседая, решают участь живых.</se>
  </para>
  <para id="68">
    <se lang="uk" variant_id="0">The mosquitoes were getting bothersome.</se>
    <se lang="ru" variant_id="1">Начинали досаждать комары.</se>
  </para>
  <para id="69">
    <se lang="uk" variant_id="0">Time for tea.</se>
    <se lang="ru" variant_id="1">Время чая.</se>
  </para>
  <para id="70">
    <se lang="uk" variant_id="0">Time for a game of chess with Chateau.</se>
    <se lang="ru" variant_id="1">Время шахмат с Шато.</se>
  </para>
  <para id="71">
    <se lang="uk" variant_id="0">That strange spasm was over, one could breathe again.</se>
    <se lang="ru" variant_id="1">Странный спазм миновал, он снова мог дышать.</se>
  </para>
  <para id="72">
    <se lang="uk" variant_id="0">On the distant crest of the knoll, at the exact spot where Gramineev's easel had stood a few hours before, two dark figures in profile were silhouetted against the ember-red sky.</se>
    <se lang="ru" variant_id="1">На дальнем гребне холма, на том самом месте, где несколько часов назад стоял мольберт Граминеева, две темные профильные фигуры рисовались на фоне угольно-красного неба.</se>
  </para>
  <para id="73">
    <se lang="uk" variant_id="0">They stood there closely, facing each other.</se>
    <se lang="ru" variant_id="1">Они стояли близко, лицом к лицу.</se>
  </para>
  <para id="74">
    <se lang="uk" variant_id="0">One could not make out from the road whether it was the Poroshin girl and her beau, or Nina Bolotov and young Poroshin, or merely an emblematic couple placed with easy art on the last page of Pnin's fading day.</se>
    <se lang="ru" variant_id="1">С тропинки было не разобрать - дочь ли это Порошина с ее ухажером, Нина ли Болотова и молодой Порошин или просто эмблематическая пара, с легким изяществом помещенная на последней странице уходящего от Пнина дня.</se>
  </para>
</body>
</html>
