﻿<?xml version="1.0" encoding="utf-8"?>
<html>
<head>
</head>
<body>
  <para id="0">
    <se lang="uk" variant_id="0">7</se>
    <se lang="ru" variant_id="1">7</se>
  </para>
  <para id="1">
    <se lang="uk" variant_id="0">A musical tinkle reverberated though the small house, and the Clementses entered with a bottle of French champagne and a cluster of dahlias.</se>
    <se lang="ru" variant_id="1">Музыкальный звон пронизал маленький дом, явились Клементсы с бутылкой французского шампанского и букетом георгин.</se>
  </para>
  <para id="2">
    <se lang="uk" variant_id="0">Dark-blue-eyed, long-lashed, bob-haired Joan wore an old black silk dress that was smarter than anything other faculty wives could devise, and it was always a pleasure to watch good old bald Tim Pnin bend slightly to touch with his lips the light hand that Joan, alone of all the Waindell ladies, knew how to raise to exactly the right level for a Russian gentleman to kiss.</se>
    <se lang="ru" variant_id="1">Джоан - темно-синие глаза, длинные ресницы, короткая стрижка - надела старое черное шелковое платье, более элегантное, чем все, до чего смогли бы додуматься иные преподавательские жены; приятно было смотреть, как добрый, старый и лысый Тим Пнин слегка наклоняется, чтобы коснуться губами легкой кисти Джоан, которую только одна она из всех вайнделлских дам умела поднять на высоту, потребную русскому джентльмену для поцелуя.</se>
  </para>
  <para id="3">
    <se lang="uk" variant_id="0">Laurence, fatter than ever, dressed in nice grey flannels, sank into the easy chair and immediately grabbed the first book at hand, which happened to be an English-Russian and Russian-English pocket dictionary.</se>
    <se lang="ru" variant_id="1">Еще потолстевший против прежнего Лоренс в приятном костюме из серой фланели опустился в легкое кресло и немедля сцапал первую попавшуюся книгу, ею оказался карманный англо-русский и русско-английский словарь.</se>
  </para>
  <para id="4">
    <se lang="uk" variant_id="0">Holding his glasses in one hand, he looked away, trying to recall something he had always wished to check but now could not remember, and his attitude accentuated his striking resemblance, somewhat en jeune, to Jan van Eyck's ample-jowled, fluff-haloed Canon van der Paele, seized by a fit of abstraction in the presence of the puzzled Virgin to whom a super, rigged up as St George, is directing the good Canon's attention.</se>
    <se lang="ru" variant_id="1">Держа очки в руке, Лоренс завел глаза и попытался извлечь из памяти нечто, что ему всегда хотелось проверить, но чего он никак не мог припомнить теперь, и эта поза подчеркивала поразительное, отчасти en jeune2, сходство между ним и вышедшим из-под кисти Яна ван-Эйка каноником ван-дер-Пале с его ореолом встрепанного пуха и квадратной челюстью, захваченным приступом рассеянной мечтательности в присутствии озадаченной Мадонны, к которой статист, переодетый Святым Георгием, пытается привлечь внимание доброго каноника.</se>
  </para>
  <para id="5">
    <se lang="uk" variant_id="0">Everything was there вЂ” the knotty temple, the sad, musing gaze, the folds and furrows of facial flesh, the thin lips, and even the wart on the left cheek.</se>
    <se lang="ru" variant_id="1">Тут было все - узловатый висок, печальный затуманенный взор, складки и рытвины мясистого лица, тонкие губы и даже бородавка на левой щеке.</se>
  </para>
  <para id="6">
    <se lang="uk" variant_id="0">Hardly had the Clementses settled down than Betty let in the man interested in bird-shaped cakes.</se>
    <se lang="ru" variant_id="1">Едва Клементсы уселись, как Бетти ввела человека, интересующегося булочками в форме птиц.</se>
  </para>
  <para id="7">
    <se lang="uk" variant_id="0">Pnin was about to say 'Professor Vin' but Joan вЂ” rather unfortunately, perhaps вЂ” interrupted the introduction with 'Oh, we know Thomas!</se>
    <se lang="ru" variant_id="1">Пнин уж было произнес "профессор Вин", как Джоан, - возможно, не очень кстати - прервала попытку их познакомить, воскликнув: "О-о, Томаса мы знаем!</se>
  </para>
  <para id="8">
    <se lang="uk" variant_id="0">Who does not know Tom?' Tim Pnin returned to the kitchen, and Betty handed around some Bulgarian cigarettes.</se>
    <se lang="ru" variant_id="1">Кто же не знает Тома?". Тим Пнин отретировался на кухню, а Бетти пустила по кругу болгарские сигареты.</se>
  </para>
  <para id="9">
    <se lang="uk" variant_id="0">'I thought, Thomas,' remarked Clements, crossing his fat legs, 'you were out in Havana interviewing palm-climbing fishermen?'</se>
    <se lang="ru" variant_id="1">- А я-то думал, Томас, - заметил Клементс, перекрещивая толстые ноги, - что вы уже в Гаване, интервьюируете лезущих по пальмам рыбаков.</se>
  </para>
  <para id="10">
    <se lang="uk" variant_id="0">'Well, I'll be on my way after mid years,' said Professor Thomas.</se>
    <se lang="ru" variant_id="1">- Что ж, я и отправлюсь туда после зимней сессии, - сказал профессор Томас.</se>
  </para>
  <para id="11">
    <se lang="uk" variant_id="0">'Of course, most of the actual field work has been done already by others.'</se>
    <se lang="ru" variant_id="1">- Конечно, большая часть полевых исследований уже проведена другими.</se>
  </para>
  <para id="12">
    <se lang="uk" variant_id="0">'Still, it was nice to get that grant, wasn't it?'</se>
    <se lang="ru" variant_id="1">- Все-таки приятно было получить эту субсидию, а?</se>
  </para>
  <para id="13">
    <se lang="uk" variant_id="0">'In our branch,' replied Thomas with perfect composure, 'we have to undertake many difficult journeys.</se>
    <se lang="ru" variant_id="1">- Работая в нашей области, - с полным самообладанием ответил Томас, - приходится предпринимать множество нелегких поездок.</se>
  </para>
  <para id="14">
    <se lang="uk" variant_id="0">In fact, I may push on to the Windward Islands.</se>
    <se lang="ru" variant_id="1">Собственно говоря, я могу махнуть и на Наветренные острова.</se>
  </para>
  <para id="15">
    <se lang="uk" variant_id="0">If,' he added with a hollow laugh, 'Senator McCarthy does not crack down on foreign travel.'</se>
    <se lang="ru" variant_id="1">Если, - прибавил он с гулким смехом, - сенатор Мак-Карти не отменит заграничных поездок.</se>
  </para>
  <para id="16">
    <se lang="uk" variant_id="0">'He received a grant of ten thousand dollars,' said Joan to Betty, whose face dropped a curtsy as she made that special grimace consisting of a slow half-bow and tensing of chin and lower lip that automatically conveys, on the part of Bettys, a respectful, congratulatory, and slightly awed recognition of such grand things as dining with one's boss, being in Who's Who, or meeting a duchess.</se>
    <se lang="ru" variant_id="1">- Он получил субсидию в десять тысяч долларов, - сказала Джоан Бетти, и та проделала физиогномический реверанс, состроив особенную гримаску, состоящую из медленного полукивка с одновременным выпячиванием подбородка и нижней губы и автоматически выражающую уважительное, поздравительное и отчасти завистливое осознание Бетти такого замечательного события, каковы обед с начальником, помещение в "Who's Who" или знакомство с герцогиней.</se>
  </para>
  <para id="17">
    <se lang="uk" variant_id="0">The Thayers, who came in a new station wagon, presented their host with an elegant box of mints, Dr Hagen, who came on foot, triumphantly held aloft a bottle of vodka.</se>
    <se lang="ru" variant_id="1">Тейеры, приехавшие в новом фургончике, преподнесли хозяину изящную коробку конфет, а Гаген, пришедший пешком, торжественно держал на отлете бутылку водки.</se>
  </para>
  <para id="18">
    <se lang="uk" variant_id="0">'Good evening, good evening, good evening,' said hearty Hagen.</se>
    <se lang="ru" variant_id="1">- Добрый вечер, добрый вечер, добрый вечер, - сердечно сказал Гаген.</se>
  </para>
  <para id="19">
    <se lang="uk" variant_id="0">'Dr Hagen,' said Thomas as he shook hands with him. 'I hope the Senator did not see you walking about with that stuff.'</se>
    <se lang="ru" variant_id="1">- Доктор Гаген, - сказал Томас, пожимая ему руку, - надеюсь, Сенатор не видел, как вы разгуливаете с этой штукой.</se>
  </para>
  <para id="20">
    <se lang="uk" variant_id="0">The good doctor had perceptibly aged since last year but was as sturdy and square-shaped as ever with his well-padded shoulders, square chin, square nostrils, leonine glabella, and rectangular brush of grizzled hair that had something topiary about it.</se>
    <se lang="ru" variant_id="1">Добрый доктор заметно постарел за последний год, но оставался таким же крепким и квадратным, как и всегда, - накладные плечи, квадратный подбородок, квадратные ноздри, львиное надпереносье и прямоугольная щетка седых волос, чем-то похожая на фигурно постриженный куст.</se>
  </para>
  <para id="21">
    <se lang="uk" variant_id="0">He wore a black suit over a white nylon shirt, and a black tie with a red thunderbolt streaking down it.</se>
    <se lang="ru" variant_id="1">На нем был черный костюм при нейлоновой белой сорочке и черном же галстуке, по которому летела красная молния.</se>
  </para>
  <para id="22">
    <se lang="uk" variant_id="0">Mrs Hagen had been prevented from coming, at the very last moment, by a dreadful migraine, alas.</se>
    <se lang="ru" variant_id="1">Миссис Гаген не позволила прийти ужасная мигрень, разыгравшаяся, увы, в самый последний миг.</se>
  </para>
  <para id="23">
    <se lang="uk" variant_id="0">Pnin served the cocktails 'or better to say flamingo tails вЂ” specially for ornithologists', as he slyly quipped.</se>
    <se lang="ru" variant_id="1">Пнин внес коктейли: "Орнитолог сказал бы не 'петушьи', а 'фламинговые хвосты'", - лукаво сострил он.</se>
  </para>
  <para id="24">
    <se lang="uk" variant_id="0">'Thank you!' chanted Mrs Thayer, as she received her glass, raising her linear eyebrows, on that bright note of genteel inquiry which is meant to combine the notions of surprise, unworthiness, and pleasure.</se>
    <se lang="ru" variant_id="1">- Спасибо! - пропела, снимая с подноса бокал и поднимая тонкие брови, миссис Тейер - на той веселой ноте благовоспитанного вопрошания, которая по замыслу сочетает в себе удивление с самоумалением и приятностью.</se>
  </para>
  <para id="25">
    <se lang="uk" variant_id="0">An attractive, prim, pink-faced lady of forty or so, with pearly dentures and wavy goldenized hair, she was the provincial cousin of the smart, relaxed Joan Cements, who had been all over the world, even in Turkey and Egypt, and was married to the most original and least liked scholar on the Waindell campus.</se>
    <se lang="ru" variant_id="1">Привлекательная, манерная, румяная дама лет сорока или около, с жемчужными искусственными зубами и позлащенными волнистыми локонами, она была провинциальной кузиной умной, непринужденной Джоан Клементс, объехавшей целый свет, побывавшей даже в Турции и в Египте и вышедшей за наиболее оригинального и наименее любимого в вайнделлском кампусе ученого.</se>
  </para>
  <para id="26">
    <se lang="uk" variant_id="0">A good word should be also put in at this point for Margaret Thayer's husband, Roy, a mournful and mute member of the Department of English, which, except for its ebullient chairman, Cockerell, was an aerie of hypochondriacs.</se>
    <se lang="ru" variant_id="1">Тут следует также помянуть добрым словом и мужа Маргарет Тейер, - его звали Рой, - скорбного и молчаливого сотрудника Английского отделения, бывшего, если не считать его развеселого заведующего, Джека Кокерелла, гнездилищем ипохондриков.</se>
  </para>
  <para id="27">
    <se lang="uk" variant_id="0">Outwardly, Roy was an obvious figure.</se>
    <se lang="ru" variant_id="1">Внешне Рой представлял фигуру вполне заурядную.</se>
  </para>
  <para id="28">
    <se lang="uk" variant_id="0">If you drew a pair of old brown loafers, two beige elbow patches, a black pipe, and two baggy eyes under heavy eyebrows, the rest was easy to fill out.</se>
    <se lang="ru" variant_id="1">Нарисуйте пару ношенных коричневых мокасин, две бежевые заплатки на локтях, черную трубку, глаза под густыми бровями, а под глазами мешочки, и все остальное заполнить будет нетрудно.</se>
  </para>
  <para id="29">
    <se lang="uk" variant_id="0">Somewhere in the middle distance hung an obscure liver ailment, and somewhere in the background there was Eighteenth-Century Poetry, Roy's particular field, an overgrazed pasture, with the trickle of a brook and a clump of initialled trees; a barbed-wire arrangement on either side of this field separated it from Professor Stowe's domain, the preceding century, where the lambs were whiter, the turf softer, the rill purlier, and from Dr Shapiro's early nineteenth century, with its glen mists, sea fogs, and imported grapes.</se>
    <se lang="ru" variant_id="1">Где-то посередке висело невнятное заболевание печени, а на заднем плане помещалась поэзия восемнадцатого столетия, частное поле исследований Роя, - выбитый выгон с тощим ручьем и кучкой изрезанных инициалами деревьев; ряды колючей проволоки с двух сторон отделяли его от поля профессора Стоу - предшествующий век, где и ягнята были белее, и травка помягче, и ручеек побурливей, - а также от присвоенного профессором Шапиро начала девятнадцатого столетия с его мглистыми долинами, морскими туманами и привозным виноградом.</se>
  </para>
  <para id="30">
    <se lang="uk" variant_id="0">Roy Thayer avoided talking of his subject, avoided, in fact, talking of any subject, had squandered a decade of grey life on an erudite work dealing with a forgotten group of unnecessary poetasters, and kept a detailed diary, in cryptogrammed verse, which he hoped posterity would someday decipher and, in sober backcast, proclaim the greatest literary achievement of our time вЂ” and for all I know, Roy Thayer, you might be right.</se>
    <se lang="ru" variant_id="1">Рой Тейер избегал разговоров о своем предмете, собственно, он избегал разговоров о всяком предмете, угробив десяток лет безрадостной жизни на исчерпывающий труд, посвященный забытой компании никому не нужных рифмоплетов; он вел подробный дневник, заполняя его шифрованными стихами, которые потомки, как он надеялся, когда-нибудь разберут, и смерив прошлое трезвым взглядом, объявят величайшим литературным достижением нашего времени, - и, насколько я в состояньи судить, вы, возможно, и правы, Рой Тейер.</se>
  </para>
  <para id="31">
    <se lang="uk" variant_id="0">When everybody was comfortably lapping and lauding the cocktails, Professor Pnin sat down on the wheezy hassock near his newest friend and said:</se>
    <se lang="ru" variant_id="1">После того, как все распробовали и похвалили коктейль, профессор Пнин присел на одышливый пуфик близ своего наиновейшего друга и сказал:</se>
  </para>
  <para id="32">
    <se lang="uk" variant_id="0">'I have to report, sir, on the skylark, zhavoronok in Russian, about which you made me the honour to interrogate me.</se>
    <se lang="ru" variant_id="1">- Я подготовил сообщение о полевом жаворонке, сударь, о котором вы сделали мне честь меня допросить.</se>
  </para>
  <para id="33">
    <se lang="uk" variant_id="0">Take this with you to your home.</se>
    <se lang="ru" variant_id="1">Возьмите это домой.</se>
  </para>
  <para id="34">
    <se lang="uk" variant_id="0">I have here tapped on the typewriting machine a condensed account with bibliography.</se>
    <se lang="ru" variant_id="1">Здесь отпечатанный на пишущей машинке сжатый отчет с библиографией.</se>
  </para>
  <para id="35">
    <se lang="uk" variant_id="0">I think we will now transport ourselves to the other room where a supper Г la fourchette is, I think, awaiting us.'</se>
    <se lang="ru" variant_id="1">Я думаю, мы можем теперь переместиться в другую комнату, где нас, я думаю, ожидает ужин а la fourchette.</se>
  </para>
</body>
</html>
