﻿<?xml version="1.0" encoding="utf-8"?>
<html>
<head>
</head>
<body>
  <para id="0">
    <se lang="uk" variant_id="0">8</se>
    <se lang="ru" variant_id="1">8</se>
  </para>
  <para id="1">
    <se lang="uk" variant_id="0">Theoretically, the simplest way to reach Waindell from Cranton was to get by taxi to Framingham, catch a fast train to Albany, and then a local for a shorter stretch in a north-western direction; actually, the simplest way was also the most unpractical one.</se>
    <se lang="ru" variant_id="1">Рассуждая теоретически, чтоб самым простым путем попасть из Кронтона в Уэйндел, надо доехать на такси до Фрэмингхэма, оттуда на скором поезде до Олбэни, а потом еще некоторое расстояние преодолеть в северо-восточном направлении на местном поезде; на деле же самый простой путь был одновременно и наименее практичным.</se>
  </para>
  <para id="2">
    <se lang="uk" variant_id="0">Whether there was some old solemn feud between those railways, or whether both had united to grant a sporting chance to other means of conveyance, the fact remained that no matter how you juggled with timetables, a three-hour wait at Albany between trains was the briefest you could hope to achieve.</se>
    <se lang="ru" variant_id="1">То ли между этими двумя железными дорогами существовала какая-то древняя заклятая вражда, то ли обе они благородно объединились, чтоб уступить шанс на победу другим видам транспорта, а только факт остается фактом: как бы вы ни манипулировали расписаниями поездов, лучшее, на что вы могли надеяться, это на трехчасовое ожидание поезда в Олбэни.</se>
  </para>
  <para id="3">
    <se lang="uk" variant_id="0">There was a bus leaving Albany at 11 a.m. and arriving at Waindell at around 3 p.m. but that meant taking the 6.31 a.m. train from Framingham; Victor felt he could not get up in time; he took, instead, a slightly later and considerably slower train that allowed him to catch at Albany the last bus to Waindell, which deposited him there at half past eight in the evening.</se>
    <se lang="ru" variant_id="1">В 11 часов утра из Олбэни уходил автобус, который прибывал в Уэйндел около трех пополудни, однако, для того чтоб попасть на него, нужно было выезжать из Фрэмингхэма утренним поездом 6.31; Виктор понимал, что так рано ему не встать; он сел чуть позже в поезд, который шел намного медленней, и это позволило ему добраться в Олбэни к последнему автобусу, который доставил его в Уэйндел в половине девятого вечера.</se>
  </para>
  <para id="4">
    <se lang="uk" variant_id="0">It rained all the way.</se>
    <se lang="ru" variant_id="1">Весь день шел дождь.</se>
  </para>
  <para id="5">
    <se lang="uk" variant_id="0">It was raining when he arrived at the Waindell terminal.</se>
    <se lang="ru" variant_id="1">Дождь еше шел, когда автобус прибыл на конечную остановку — в Уэйндел.</se>
  </para>
  <para id="6">
    <se lang="uk" variant_id="0">Because of a streak of dreaminess and a gentle abstraction in his nature, Victor in any queue was always at its very end.</se>
    <se lang="ru" variant_id="1">Из-за своей природной мечтательности и мягкой рассеянности Виктор в любой очереди всегда оказывался последним.</se>
  </para>
  <para id="7">
    <se lang="uk" variant_id="0">He had long since grown used to this handicap, as one grows used to weak sight or a limp.</se>
    <se lang="ru" variant_id="1">Он давно уже привык к этой своей незадаче, как привыкают к слабому зрению или хромоте.</se>
  </para>
  <para id="8">
    <se lang="uk" variant_id="0">Stooping a little because of his height, he followed without impatience the passengers that filed out through the bus on to the shining asphalt: two lumpy old ladies in semitransparent raincoats, like potatoes in cellophane; a small boy of seven or eight with a crew cut and a frail, hollowed nape; a many-angled, diffident, elderly cripple, who declined all assistance and came out in parts; three rosy-kneed Waindell coeds in shorts; the small boy's exhausted mother; a number of other passengers; and then вЂ” Victor, with a grip in his hand and two magazines under his arm.</se>
    <se lang="ru" variant_id="1">Чуть сутулясь из-за высокого роста, он без всякого нетерпения следовал за чередой пассажиров, выходивших из автобуса на сверкающий асфальт: две комковатые старушки в полупрозрачных плащах, похожие на картофелины в целлофановой обертке; маленький мальчик лет семи или восьми, подстриженный ежиком, с ямочкой на хрупком затылке; многоугольный робкий пожилой калека, который, отклонив все предложения о помощи, вываливался наружу по частям; три розовоколенные уэйндельские студентки в шортах; изнуренная мать маленького мальчика; еще несколько пассажиров; а потом — Виктор, с саквояжем в руке и двумя журналами под мышкой.</se>
  </para>
  <para id="9">
    <se lang="uk" variant_id="0">In an archway of the bus station a totally bald man with a brownish complexion, wearing dark glasses and carrying a black brief-case, was bending in amiable interrogatory welcome over the thin-necked little boy, who, however, kept shaking his head and pointing to his mother, who was waiting for her luggage to emerge from the Greyhound's belly.</se>
    <se lang="ru" variant_id="1">Под аркой автостанции совершенно лысый человек с коричневатой кожей, в темных очках и с черным портфелем склонялся с дружелюбными расспросами над тонкошеим маленьким мальчиком, который отрицательно качал головой и указывал на мать, ожидавшую, пока ее багаж появится на свет из брюха автобуса.</se>
  </para>
  <para id="10">
    <se lang="uk" variant_id="0">Shyly and gaily Victor interrupted the quid pro quo.</se>
    <se lang="ru" variant_id="1">Виктор и застенчиво и весело вмешался в это qui pro quo(*1).</se>
  </para>
  <para id="11">
    <se lang="uk" variant_id="0">The brown-domed gentleman took off his glasses and, unbending himself, looked up, up, up at tall, tall, tall Victor, at his blue eyes and reddish-brown hair.</se>
    <se lang="ru" variant_id="1">Коричневоголовый джентльмен снял очки и, разгибая себя, взглянул выше, выше, еще выше — на высокого, высокого, высокого Виктора, на его синие глаза и рыжевато-каштановые волосы.</se>
  </para>
  <para id="12">
    <se lang="uk" variant_id="0">Pnin's well-developed zygomatic muscles raised and rounded his tanned cheeks; his forehead, his nose, and even his large beautiful ears took part in the smile.</se>
    <se lang="ru" variant_id="1">Сильно развитые челюстные мышцы на лице Пнина напряглись и округлили его загорелые щеки; его лоб, нос и даже его большие прекрасные уши приняли участие в улыбке.</se>
  </para>
  <para id="13">
    <se lang="uk" variant_id="0">All in all, it was an extremely satisfactory meeting.</se>
    <se lang="ru" variant_id="1">В общем, это была в высшей степени приятная встреча.</se>
  </para>
  <para id="14">
    <se lang="uk" variant_id="0">Pnin suggested leaving the luggage and walking one block вЂ” if Victor was not afraid of the rain (it was pouring hard, and the asphalt glistened in the darkness, tarnlike, under large, noisy trees).</se>
    <se lang="ru" variant_id="1">(*1) путаница, недоразумение (лат.). Пнин предложил оставить багаж на станции и пройти пешком один квартал — если только Виктора не пугает дождь (дождь лил как из ведра, и асфальт во мраке блестел под большими, шумными деревьями, точно горное озеро).</se>
  </para>
  <para id="15">
    <se lang="uk" variant_id="0">It would be, Pnin conjectured, a treat for the boy to have a late meal in a diner.</se>
    <se lang="ru" variant_id="1">Наверно, мальчику доставит удовольствие, решил Пнин, поужинать в столь поздний час в закусочной.</se>
  </para>
  <para id="16">
    <se lang="uk" variant_id="0">'You arrived well?</se>
    <se lang="ru" variant_id="1">— Ты прибывал хорошо?</se>
  </para>
  <para id="17">
    <se lang="uk" variant_id="0">You had no disagreeable adventures?'</se>
    <se lang="ru" variant_id="1">Не имел неблагоприятных приключений?</se>
  </para>
  <para id="18">
    <se lang="uk" variant_id="0">'None, sir.'</se>
    <se lang="ru" variant_id="1">— Нет, сэр.</se>
  </para>
  <para id="19">
    <se lang="uk" variant_id="0">'You are very hungry?'</se>
    <se lang="ru" variant_id="1">— Ты очень голодный?</se>
  </para>
  <para id="20">
    <se lang="uk" variant_id="0">'No, sir.</se>
    <se lang="ru" variant_id="1">— Нет, сэр.</se>
  </para>
  <para id="21">
    <se lang="uk" variant_id="0">Not particularly.'</se>
    <se lang="ru" variant_id="1">Не особенно.</se>
  </para>
  <para id="22">
    <se lang="uk" variant_id="0">'My name is Timofey,' said Pnin, as they made themselves comfortable at a window table in the shabby old diner, 'Second syllable pronounced as "muff", ahksent on last syllable, "ey" as in "prey" but a little more protracted.</se>
    <se lang="ru" variant_id="1">— Меня зовут Тимофей, — сказал Пнин, когда они устроились поудобней за приоконным столиком закусочной, в старом, обшарпанном вагоне, снятом с колес. — Второй слог произносится, как "muff", ударенинг на последнем слоге, "эй" произносится, как в английском слове "prey", только немножко протяжнее.</se>
  </para>
  <para id="23">
    <se lang="uk" variant_id="0">"Timofey Pavlovich Pnin ", which means "Timothy the son of Paul."</se>
    <se lang="ru" variant_id="1">"Тимофей Павлович Пнин", что означает "Тимоти, сын Пола".</se>
  </para>
  <para id="24">
    <se lang="uk" variant_id="0">The pahtronymic has the ahksent on the first syllable and the rest is sloored вЂ” Timofey Pahlch.</se>
    <se lang="ru" variant_id="1">Отчество имеет свое ударение на первом слоге, а дальше все смайзэн — Тимофей Паалч.</se>
  </para>
  <para id="25">
    <se lang="uk" variant_id="0">I have a long time debated with myself вЂ” let us wipe these knives and forks вЂ” and have concluded that you must call me simply Mr Tim or, even shorter, Tim, as do some of my extremely sympathetic colleagues.</se>
    <se lang="ru" variant_id="1">Я долгое время обсуждал с собою вопрос — давай все же вытрем эти ножи и вилки — и заключил, что ты должен называть меня просто мистер Тим или даже еще короче, Тим, как это делают мои исключительно симпатические коллеги.</se>
  </para>
  <para id="26">
    <se lang="uk" variant_id="0">It is вЂ” what do you want to eat?</se>
    <se lang="ru" variant_id="1">Что ты желаешь съесть?</se>
  </para>
  <para id="27">
    <se lang="uk" variant_id="0">Veal cutlet?</se>
    <se lang="ru" variant_id="1">Телячью котлету?</se>
  </para>
  <para id="28">
    <se lang="uk" variant_id="0">O.K., I will also eat veal cutlet вЂ” it is naturally a concession to America, my new country, wonderful America which sometimes surprises me but always provokes respect.</se>
    <se lang="ru" variant_id="1">О'кей, я тоже буду съедать телячью котлету — это, естественно, уступка Америке, моей новой стране, замечательной Америке, которая иногда удивляет меня, но всегда возбуждает уважение.</se>
  </para>
  <para id="29">
    <se lang="uk" variant_id="0">In the beginning I was greatly embarrassed вЂ” '</se>
    <se lang="ru" variant_id="1">Вначале я был сильно обескуражен...</se>
  </para>
  <para id="30">
    <se lang="uk" variant_id="0">In the beginning Pnin was greatly embarrassed by the ease with which first names were bandied about in America: after a single party, with an iceberg in a drop of whisky to start and with a lot of whisky in a little tap water to finish, you were supposed to call a grey-templed stranger 'Jim', while he called you' Tim' for ever and ever.</se>
    <se lang="ru" variant_id="1">Вначале Пнин был сильно обескуражен той легкостью, с которой в Америке переходят на "ты" и зовут сразу по имени; на первой же вечеринке, где, начав с капельки виски под ледяным айсбергом, кончают полстаканом виски с капелькой воды из-под крана, ждут, что ты теперь будешь называть седовласого незнакомца "Джимом", а уж он тебя до конца твоих дней будет звать "Тимом".</se>
  </para>
  <para id="31">
    <se lang="uk" variant_id="0">If you forgot and called him next morning Professor Everett (his real name to you) it was (for him) a horrible insult.</se>
    <se lang="ru" variant_id="1">И если ты, забывшись, называл его на следующее утро профессор Эверет (под этим именем ты его знал), это было (для него) ужасным оскорблением.</se>
  </para>
  <para id="32">
    <se lang="uk" variant_id="0">In reviewing his Russian friends throughout Europe and the United States, Timofey Pahlch could easily count at least sixty dear people whom he had intimately known since, say, 1920, and whom he never called anything but Vadim Vadimich, Ivan Hristoforovich, or Samuil Izrailevich, as the case might be, and who called him by his name and patronymic with the same effusive sympathy, over a strong warm handshake, whenever they met: 'Ah, Timofey Pahlch!</se>
    <se lang="ru" variant_id="1">Перебирая в памяти своих русских друзей, разбросанных по Европе и Соединенным Штатам, Тимофей Паалч мог без труда насчитать по меньшей мере шестьдесят милых для него людей, с которыми он был близко знаком с самого, скажем, 1920 года и которых он никогда не называл иначе как Вадим Вадимыч, Иван Христофорович или, соответственно, Самуил Израилевич, и которые со столь же горячей симпатией звали его по имени и отчеству, сильно пожимая ему руку при встрече: "А, Тимофей Палч!</se>
  </para>
  <para id="33">
    <se lang="uk" variant_id="0">Nu kak?</se>
    <se lang="ru" variant_id="1">Nu kak?</se>
  </para>
  <para id="34">
    <se lang="uk" variant_id="0">(Well how?) A vГЇ, baten'ka, zdorovo postareli (Well, well, old boy, you certainly don't look any younger)!'</se>
    <se lang="ru" variant_id="1">(Ну как?) A vi, baten'ka, zdorovo postareli! (А вы, батенька, здорово постарели!)".</se>
  </para>
  <para id="35">
    <se lang="uk" variant_id="0">Pnin talked.</se>
    <se lang="ru" variant_id="1">Пнин продолжал говорить.</se>
  </para>
  <para id="36">
    <se lang="uk" variant_id="0">His talk did not amaze Victor, who had heard many Russians speak English, and he was not bothered by the fact that Pnin pronounced the word 'family' as if the first syllable were the French for 'woman'.</se>
    <se lang="ru" variant_id="1">То, как он говорит, не слишком удивляло Виктора, который много раз слышал, как русские говорят по-английски, и его нисколько не смущал тот факт, что Пнин произносил слово "family" (семья) так, что первый его слог звучал, как французское слово "femme" (женщина).</se>
  </para>
  <para id="37">
    <se lang="uk" variant_id="0">'I speak in French with much more facility than in English,' said Pnin, 'but you вЂ” vous comprenez le franГ§ais?</se>
    <se lang="ru" variant_id="1">— Я говорю французскому с гораздо большей легкостью, чем английскому, — сказал Пнин, — но вы — vous comprenez le francais?</se>
  </para>
  <para id="38">
    <se lang="uk" variant_id="0">Bien?</se>
    <se lang="ru" variant_id="1">Bien?</se>
  </para>
  <para id="39">
    <se lang="uk" variant_id="0">Assez bien?</se>
    <se lang="ru" variant_id="1">Assez bien?</se>
  </para>
  <para id="40">
    <se lang="uk" variant_id="0">Un peu?'</se>
    <se lang="ru" variant_id="1">Un peu?</se>
  </para>
  <para id="41">
    <se lang="uk" variant_id="0">'TrГЁs un peu,' said Victor.</se>
    <se lang="ru" variant_id="1">(*1) — Tres un peu(*1), — сказал Виктор.</se>
  </para>
  <para id="42">
    <se lang="uk" variant_id="0">'Regrettable, but nothing to be done.</se>
    <se lang="ru" variant_id="1">— Сожалительно, но ничего не поделать.</se>
  </para>
  <para id="43">
    <se lang="uk" variant_id="0">I will now speak to you about sport.</se>
    <se lang="ru" variant_id="1">Теперь я буду говорить с вами про спорт.</se>
  </para>
  <para id="44">
    <se lang="uk" variant_id="0">The first description of box in Russian literature we find in a poem by Mihail Lermontov, born 1814, killed 1841 вЂ” easy to remember.</se>
    <se lang="ru" variant_id="1">Первое описание бокса в русской литературе мы находим в поэме Михаила Лермонтова, родился в 1814-м, убит в 1841-м — легко запоминать.</se>
  </para>
  <para id="45">
    <se lang="uk" variant_id="0">The first description of tennis, on the other hand, is found in Anna Karenina, Tolstoy's novel, and is related to year 1875. In youth one day, in the Russian countryside, latitude of Labrador, a racket was given to me to play with the family of the Orientalist Gotovtsev, perhaps you have heard, It was, I recollect, a splendid summer day and we played, played, played until all the twelve balls were lost.</se>
    <se lang="ru" variant_id="1">Первое описание тенниса, с другой стороны, можно находить в "Анне Карениной", романе Толстого, и оно соотносится к 1875 году. В молодости в один день, в русской деревне на широте Лабрадора, ракета была дана мне, чтобы играть с семьей востоковеда Готовцева, вероятно, вы слышали. Это был, я вспоминаю, великолепный летний день, и мы играли, играли, играли, пока все двенадцать мячей не были утрачены.</se>
  </para>
  <para id="46">
    <se lang="uk" variant_id="0">You also will recollect the past with interest when old.</se>
    <se lang="ru" variant_id="1">Вы также будете вспомнить прошлое с интересом, когда старый.</se>
  </para>
  <para id="47">
    <se lang="uk" variant_id="0">'Another game,' continued Pnin, lavishly sugaring his coffee, 'was naturally kroket.</se>
    <se lang="ru" variant_id="1">— Другая игра, — продолжал Пнин, щедро насыпая себе сахар в кофе, — была, естественно, kroket.</se>
  </para>
  <para id="48">
    <se lang="uk" variant_id="0">I was a champion of kroket.</se>
    <se lang="ru" variant_id="1">Я был чемпионом kroket.</se>
  </para>
  <para id="49">
    <se lang="uk" variant_id="0">However, the favourite national recreation was so-called gorodki, which means "little towns".</se>
    <se lang="ru" variant_id="1">Однако любимым национальным развлечением были так называемые "gorodki", что означает "маленькие города".</se>
  </para>
  <para id="50">
    <se lang="uk" variant_id="0">One remembers a place in the garden and the wonderful atmosphere of youth: I was strong, I wore an embroidered Russian shirt, nobody plays now such healthy games.'</se>
    <se lang="ru" variant_id="1">Вспоминается местечко в саду и замечательная атмосфера молодости: я был силен, я носил вышитую русскую рубаху, никто не играет теперь в такие здоровые игры.</se>
  </para>
  <para id="51">
    <se lang="uk" variant_id="0">He finished his cutlet and proceeded with the subject:</se>
    <se lang="ru" variant_id="1">Он покончил с котлетой и продолжал развивать свою тему.</se>
  </para>
  <para id="52">
    <se lang="uk" variant_id="0">'One drew,' said Pnin, 'a big square on the ground, one placed there, like columns, cylindrical pieces of wood, you know, and then from some distance one threw at them a thick stick, very hard, like a boomerang, with a wide, wide development of the arm вЂ” excuse me вЂ” fortunately it is sugar, not salt.'</se>
    <se lang="ru" variant_id="1">— Начерчивается, — сказал Пнин, — большой квадрат на земле, туда помещаются, как колонны, цилиндрические куски дерева, а потом с какого-то расстояния в них бросается толстая палка, очень усиленно, как бумеранг, с широким, широким разворачиванием руки — простите, — к счастью, это был сахар, а не соль. (*1) Вы понимаете французкий? Хорошо? Неплохо? Чуть-чуть? (фр.). (*2) Совсем чуть (искаж. фр.).</se>
  </para>
  <para id="53">
    <se lang="uk" variant_id="0">'I still hear,' said Pnin, picking up the sprinkler and shaking his head a little at the surprising persistence of memory, 'I still hear the trakh! the crack when one hit the wooden pieces and they jumped in the air.</se>
    <se lang="ru" variant_id="1">— Я все еще слышу, — сказал Пнин, поднимая с полу сахарницу и слегка покачивая головой, точно удивляясь цепкости своей памяти, — я все еще слышу это trakh! этот треск, когда ударяешь по деревяшкам и они подскакивают в воздух.</se>
  </para>
  <para id="54">
    <se lang="uk" variant_id="0">Will you not finish the meat?</se>
    <se lang="ru" variant_id="1">Вы не будете кончать мясо?</se>
  </para>
  <para id="55">
    <se lang="uk" variant_id="0">You do not like it?'</se>
    <se lang="ru" variant_id="1">Вам оно не понравится?</se>
  </para>
  <para id="56">
    <se lang="uk" variant_id="0">'It's awfully good,' said Victor, 'but I am not very hungry.'</se>
    <se lang="ru" variant_id="1">— Мясо отличное, — сказал Виктор, — но я не очень голоден.</se>
  </para>
  <para id="57">
    <se lang="uk" variant_id="0">'Oh, you must eat more, much more if you want to be a footballist.'</se>
    <se lang="ru" variant_id="1">— О, вы должны поедать больше, намного больше, если вы хотите быть футболистингом.</se>
  </para>
  <para id="58">
    <se lang="uk" variant_id="0">'I'm afraid I don't care much for football, In fact, I hate football.</se>
    <se lang="ru" variant_id="1">— По совести, мне не очень нравится футбол. Честно говоря, я его ненавижу.</se>
  </para>
  <para id="59">
    <se lang="uk" variant_id="0">I'm not very good at any game, really,'</se>
    <se lang="ru" variant_id="1">И вообще, я не очень-то силен в играх.</se>
  </para>
  <para id="60">
    <se lang="uk" variant_id="0">'You are not a lover of football?' said Pnin, and a look of dismay crept over his large expressive face.</se>
    <se lang="ru" variant_id="1">— Вы не есть любитель футбола? — спросил Пнин, и выражение отчаянья проступило на его большом, выразительном лице.</se>
  </para>
  <para id="61">
    <se lang="uk" variant_id="0">He pursed his lips, He opened them вЂ” but said nothing.</se>
    <se lang="ru" variant_id="1">Он сжал губы трубочкой. Потом открыл рот — но ничего не сказал.</se>
  </para>
  <para id="62">
    <se lang="uk" variant_id="0">In silence he ate his vanilla ice-cream, which contained no vanilla and was not made of cream.</se>
    <se lang="ru" variant_id="1">Молча ел свое сливочно-ванильное мороженое, в котором не было ванили и которое приготовлено было без сливок.</se>
  </para>
  <para id="63">
    <se lang="uk" variant_id="0">'We will now take your luggage and a taxi,' said Pnin.</se>
    <se lang="ru" variant_id="1">— А теперь мы будем брать ваш багаж и такси, — сказал Пнин.</se>
  </para>
  <para id="64">
    <se lang="uk" variant_id="0">As soon as they reached the Sheppard House, Pnin ushered Victor into the parlour and rapidly introduced him to his landlord, old Bill Sheppard, formerly superintendent of the college grounds (who was totally deaf and wore a white button in one ear), and to his brother, Bob Sheppard, who had recently come from Buffalo to live with Bill after the latter's wife died.</se>
    <se lang="ru" variant_id="1">Когда они добрались до Шепард-Хауса, Пнин ввел Виктора в гостиную и торопливо представил его своему домохозяину, старому Биллу Шепарду, бывшему надсмотрщику университетской территории (который был глух как пень и носил в ухе белую пуговку), а также брату его Бобу Шепарду, который недавно перебрался из Буффало, чтоб поселиться с братом, у которого умерла жена.</se>
  </para>
  <para id="65">
    <se lang="uk" variant_id="0">Leaving Victor with them for a minute, Pnin hastily stomped upstairs.</se>
    <se lang="ru" variant_id="1">На минутку оставив с ними Виктора, Пнин поспешно загромыхал на верхний этаж.</se>
  </para>
  <para id="66">
    <se lang="uk" variant_id="0">The house was a vulnerable construction, and objects in the rooms downstairs reacted with various vibrations to the vigorous footsteps on the upper landing and to the sudden rasp of a window sash in the guest room.</se>
    <se lang="ru" variant_id="1">Дом представлял собой весьма чувствительную конструкцию, и все предметы, находившиеся в нижней гостиной, каждый по-своему, отозвались вибрацией на мощные шаги на верхней площадке, а также на резкий стук опущенной рамы в гостевой комнате.</se>
  </para>
  <para id="67">
    <se lang="uk" variant_id="0">'Now that picture there,' deaf Mr Sheppard was saying, pointing with a didactic finger at a large muddy water colour on the wall, 'represents the farm where my brother and I used to spend summers fifty years ago.</se>
    <se lang="ru" variant_id="1">— А эта вот картина, — говорил глухой Шепард, назидательно тыча пальцем в большую грязную акварель на стене, — на ней представлена ферма, где пятьдесят лет тому назад мой брат и я проводили каждое лето.</se>
  </para>
  <para id="68">
    <se lang="uk" variant_id="0">It was painted by my mother's schoolmate, Grace Wells: her son, Charlie Wells, owns that hotel in Waindellville вЂ” I am sure Dr Neen has met him вЂ” a very, very fine man.</se>
    <se lang="ru" variant_id="1">Рисовала мать моего школьного товарища Грейс Уэлс: ее сыну Чарли Уэлсу принадлежит отель в Уэйнделвилле — уверен, что доктор Нин с ним знаком, — очень, очень хороший человек.</se>
  </para>
  <para id="69">
    <se lang="uk" variant_id="0">My late wife was an artist too.</se>
    <se lang="ru" variant_id="1">Моя покойная жена тоже была художница.</se>
  </para>
  <para id="70">
    <se lang="uk" variant_id="0">I shall show you some works of hers in a moment.</se>
    <se lang="ru" variant_id="1">Я вам сейчас покажу некоторые из ее работ.</se>
  </para>
  <para id="71">
    <se lang="uk" variant_id="0">Well, that tree there, behind that barn вЂ” you can just make it out вЂ”</se>
    <se lang="ru" variant_id="1">Ну, а вон то дерево, вон там, за тем сараем — его едва-едва видно...</se>
  </para>
  <para id="72">
    <se lang="uk" variant_id="0">A terrible clatter and crash came from the stairs: Pnin, on his way down, had lost his footing.</se>
    <se lang="ru" variant_id="1">На лестнице раздался ужасающий треск и грохот: это Пнин поскользнулся, не дойдя до низу.</se>
  </para>
  <para id="73">
    <se lang="uk" variant_id="0">'In the spring of 1905,' said Mr Sheppard, wagging his index at the picture, 'under that cottonwood tree вЂ” '</se>
    <se lang="ru" variant_id="1">"Весной 1905 года, — сказал мистер Шепард, тыча указательным пальцем в картину, — под этим вот тополем..."</se>
  </para>
  <para id="74">
    <se lang="uk" variant_id="0">He noticed that his brother and Victor had hurried out of the room to the foot of the stairs.</se>
    <se lang="ru" variant_id="1">Он заметил, что его брат и Виктор выбежали из комнаты и бросились к лестнице.</se>
  </para>
  <para id="75">
    <se lang="uk" variant_id="0">Poor Pnin had come down the last steps on his back.</se>
    <se lang="ru" variant_id="1">Бедный Пнин проехал на спине несколько ступенек.</se>
  </para>
  <para id="76">
    <se lang="uk" variant_id="0">He lay supine for a moment, his eyes moving to and fro.</se>
    <se lang="ru" variant_id="1">Некоторое время он лежал неподвижно, переводя взгляд с одного предмета на другой.</se>
  </para>
  <para id="77">
    <se lang="uk" variant_id="0">He was helped to his feet.</se>
    <se lang="ru" variant_id="1">Ему помогли встать.</se>
  </para>
  <para id="78">
    <se lang="uk" variant_id="0">No bones were broken.</se>
    <se lang="ru" variant_id="1">Кости были целы.</se>
  </para>
  <para id="79">
    <se lang="uk" variant_id="0">Pnin smiled and said: 'It is like the splendid story of Tolstoy вЂ” you must read one day, Victor вЂ” about Ivan Ilyich Golovin who fell and got in consequence kidney of the cancer.</se>
    <se lang="ru" variant_id="1">Пнин улыбнулся и сказал: "Это напоминает замечательный рассказ Толстого — вы должны однажды прочитать, Виктор, — про Ивана Ильича Головина, который упал и заполучил в последствии того почку рака.</se>
  </para>
  <para id="80">
    <se lang="uk" variant_id="0">Victor will now come upstairs with me.'</se>
    <se lang="ru" variant_id="1">Теперь Виктор будет следовать со мной наверх".</se>
  </para>
  <para id="81">
    <se lang="uk" variant_id="0">Victor followed, with grip.</se>
    <se lang="ru" variant_id="1">Виктор последовал, сжимая в руке саквояж.</se>
  </para>
  <para id="82">
    <se lang="uk" variant_id="0">There was a reproduction of Van Gogh's 'La Berceuse' on the landing and Victor, in passing, acknowledged it with a nod of ironic recognition.</se>
    <se lang="ru" variant_id="1">На площадке была репродукция "La Berceuse"(*1) Ван Гога, и Виктор, проходя, иронически кивнул этой знакомой в знак приветствия.</se>
  </para>
  <para id="83">
    <se lang="uk" variant_id="0">The guest room was full of the noise of the rain falling on fragrant branches in the framed blackness of the open window.</se>
    <se lang="ru" variant_id="1">Гостевую комнату заполнял шум дождя, падавшего на благоуханные ветви в обрамленной черноте распахнутого окна.</se>
  </para>
  <para id="84">
    <se lang="uk" variant_id="0">On the desk lay a wrapped-up book and a ten-dollar bill.</se>
    <se lang="ru" variant_id="1">На столе лежали завернутая книга и десятидолларовая бумажка.</se>
  </para>
  <para id="85">
    <se lang="uk" variant_id="0">Victor beamed and bowed to his gruff but kindly host.</se>
    <se lang="ru" variant_id="1">Виктор просиял улыбкой и поклонился своему резковатому, но доброму хозяину.</se>
  </para>
  <para id="86">
    <se lang="uk" variant_id="0">'Unwrap,' said Pain.</se>
    <se lang="ru" variant_id="1">"Разверните", — сказал Пнин.</se>
  </para>
  <para id="87">
    <se lang="uk" variant_id="0">With courteous eagerness, Victor obeyed.</se>
    <se lang="ru" variant_id="1">Виктор повиновался с вежливым энтузиазмом.</se>
  </para>
  <para id="88">
    <se lang="uk" variant_id="0">Then he sat down on the edge of the bed and, his auburn hair coming down in glossy lanks over his right temple, his striped tie dangling out of the front of his grey jacket, his bulky grey flannelled knees parted, zestfully opened the book.</se>
    <se lang="ru" variant_id="1">Потом он присел на краешек постели — его темно-рыжие волосы свисали блестящими прядями на правый висок, полосатый галстук болтался, выбившись из-под серого костюма, круглые, обтянутые серой фланелью колени раздвинуты — и с жаром раскрыл книгу.</se>
  </para>
  <para id="89">
    <se lang="uk" variant_id="0">He in. tended to praise it вЂ” first, because it was a gift, and second, because he believed it to be a translation from Pnin's mother tongue.</se>
    <se lang="ru" variant_id="1">Он собирался ее похвалить — во-первых, потому, что это был подарок, а во-вторых, потому, что это, как он думал, перевод с родного языка Пнина.</se>
  </para>
  <para id="90">
    <se lang="uk" variant_id="0">He remembered there had been at the Psychotherapeutic Institute a Dr Yakov London from Russia.</se>
    <se lang="ru" variant_id="1">Ему вспомнилось, что в Психотерапевтическом институте был некий доктор Яков Лондон из России.</se>
  </para>
  <para id="91">
    <se lang="uk" variant_id="0">Rather unfortunately, Victor lit upon a passage about Zarinska, the Yukon Indian Chief's daughter, and light-heartedly mistook her for a Russian maiden.</se>
    <se lang="ru" variant_id="1">Открыв книгу, он, весьма неудачно, наткнулся на то место, где появляется Заринка, дочь индейского вождя с Юкона, которую Виктор по беспечности принял за русскую девушку.</se>
  </para>
  <para id="92">
    <se lang="uk" variant_id="0">'Her great black eyes were fixed upon her tribesmen in fear and in defiance.</se>
    <se lang="ru" variant_id="1">"Ее большие черные глаза со страхом и протестом остановились на соплеменниках.</se>
  </para>
  <para id="93">
    <se lang="uk" variant_id="0">So extreme the tension, she had forgotten to breathe...'</se>
    <se lang="ru" variant_id="1">И так велико было ее напряжение, что она забывала дышать..." (*1) "Колыбельная" (фр.).</se>
  </para>
  <para id="94">
    <se lang="uk" variant_id="0">'I think I'm going to like this,' said polite Victor.</se>
    <se lang="ru" variant_id="1">"Думаю, что мне это понравится, — вежливо сказал Виктор.</se>
  </para>
  <para id="95">
    <se lang="uk" variant_id="0">'Last summer I read Crime and вЂ” ' A young yawn distended his staunchly smiling mouth.</se>
    <se lang="ru" variant_id="1">— Прошлым летом я читал "Преступление и..." — Юный зевок растянул его отважно улыбавшийся рот.</se>
  </para>
  <para id="96">
    <se lang="uk" variant_id="0">With sympathy, with approval with heartache Pain looked at Liza yawning after one of those long happy parties at the Arbenins' or the Polyanskis' in Paris, fifteen, twenty, twenty-five years ago.</se>
    <se lang="ru" variant_id="1">С состраданьем, с симпатией, с болью сердечной смотрел Пнин на Лизу, зевающую после одной из тех долгих счастливых вечеринок у Арбениных или Полянских в Париже — пятнадцать, двадцать, двадцать пять лет тому назад.</se>
  </para>
  <para id="97">
    <se lang="uk" variant_id="0">'No more reading today,' said Pain.</se>
    <se lang="ru" variant_id="1">"Больше никакого чтения на сегодня, — сказал Пнин.</se>
  </para>
  <para id="98">
    <se lang="uk" variant_id="0">'I know that it is a very exciting book but you will read and read tomorrow.</se>
    <se lang="ru" variant_id="1">— Я знаю, что это увлекательная книга, но ты будешь ее читать и читать завтра.</se>
  </para>
  <para id="99">
    <se lang="uk" variant_id="0">I wish you good night.</se>
    <se lang="ru" variant_id="1">Желаю тебе спокойной ночи.</se>
  </para>
  <para id="100">
    <se lang="uk" variant_id="0">The bathroom is across the landing.'</se>
    <se lang="ru" variant_id="1">Ванная напротив через площадку".</se>
  </para>
  <para id="101">
    <se lang="uk" variant_id="0">He shook hands with Victor and marched to his own room.</se>
    <se lang="ru" variant_id="1">Он за руку простился с Виктором и отправился в свою комнату.</se>
  </para>
</body>
</html>
