﻿<?xml version="1.0" encoding="utf-8"?>
<html>
<head>
</head>
<body>
  <para id="0">
    <se lang="uk" variant_id="0">2</se>
    <se lang="ru" variant_id="1">2</se>
  </para>
  <para id="1">
    <se lang="uk" variant_id="0">Two interesting characteristics distinguished Leonard Blorenge, Chairman of French Literature and Language; he disliked Literature and he had no French.</se>
    <se lang="ru" variant_id="1">У президента отделения французского языка и литературы Леонардо Блоренджа были две любопытные особенности: он не любил литературу и не знал по-французски.</se>
  </para>
  <para id="2">
    <se lang="uk" variant_id="0">This did not prevent him from travelling tremendous distances to attend Modern Language conventions, at which he would flaunt his ineptitude as if it were some majestic whim, and parry with great thrusts of healthy lodge humour any attempt to inveigle him into the subtleties of the parley-voo.</se>
    <se lang="ru" variant_id="1">Это не мешало ему предпринимать дальние путешествия, чтоб присутствовать на конгрессах современного языка, на которых он щеголял своей профессиональной непригодностью так, словно это была какая-нибудь царственная причуда, и отбивал любую попытку заманить его в дебри "парлей-воус-франсес" мощными залпами здорового корпоративно-заговорщицкого юмора.</se>
  </para>
  <para id="3">
    <se lang="uk" variant_id="0">A highly esteemed money-getter, he had recently induced a rich old man, whom three great universities had courted in vain, to promote with a fantastic endowment a riot of research conducted by graduates under the direction of Dr Slavski, a Canadian, toward the erection, on a hill near Waindell, of a 'French Village', two streets and a square, to be copied from those of the ancient little burg of Vandel in the Dordogne.</se>
    <se lang="ru" variant_id="1">Он пользовался высоким авторитетом как выбиватель денег и только недавно сумел убедить богатого старика, которого до того понапрасну обхаживали три университета, пожертвовать фантастическую сумму на истинную вакханалию исследовательских трудов, возглавляемых доктором Славской из Канады и имеющих целью соорудить на холме близ Уэйндела "Французскую деревню", точнее, две улицы и площадь, точную копию старинных улиц городка Вандель, что в Дордони.</se>
  </para>
  <para id="4">
    <se lang="uk" variant_id="0">Despite the grandiose element always present in his administrative illuminations, Blorenge personally was a man of ascetic tastes.</se>
    <se lang="ru" variant_id="1">Несмотря на грандиозный размах, которым отмечены были административные озарения Блоренджа, сам он был человек аскетических вкусов.</se>
  </para>
  <para id="5">
    <se lang="uk" variant_id="0">He had happened to go to school with Sam Poore, Waindell's President, and for many years, regularly, even after the latter had lost his sight, the two would go fishing together on a bleak, wind-raked lake, at the end of a gravel road lined with fireweed, seventy miles north of Waindell, in the kind of dreary brush country вЂ” scrub oak and nursery pine вЂ” that, in terms of Nature, is the counterpart of a slum.</se>
    <se lang="ru" variant_id="1">Ему довелось учиться в одной школе с Сэмом Пуром, президентом Уэйндельского университета, и вот уже много лет, даже и после того, как президент потерял зрение, они регулярно отправлялись вдвоем удить рыбу на голое, продутое ветрами озеро, которое расположено было в семидесяти милях к северу от Уэйндела, в конце гравиевой дороги, окаймленной кустиками иван-чая, в зарослях столь неприглядных — малорослые дубки и саженцы сосны, — что на иерархической лестнице природы они соответствовали бы тому же, чему в городе соответствуют трущобы.</se>
  </para>
  <para id="6">
    <se lang="uk" variant_id="0">His wife, a sweet woman of simple antecedents, referred to him at her club as 'Professor Blorenge'.</se>
    <se lang="ru" variant_id="1">Его жена, милая женщина весьма невысокого происхождения, говоря о нем у себя в клубе, называла его "профессор Блорендж".</se>
  </para>
  <para id="7">
    <se lang="uk" variant_id="0">He gave a course entitled 'Great Frenchmen', which he had had his secretary copy out from a set of The Hastings Historical and Philosophical Magazine for 1882-94, discovered by him in an attic and not represented in the College Library.</se>
    <se lang="ru" variant_id="1">Курс, который он читал, назывался "Великие французы" и был целиком переписан для него секретаршей из подшивки "Исторического и философского журнала Гастингса" за 1882-1894 годы, каковую подшивку он нашел на чердаке и утаил от университетской библиотеки.</se>
  </para>
</body>
</html>
