﻿<?xml version="1.0" encoding="utf-8"?>
<html>
<head>
</head>
<body>
  <para id="0">
    <se lang="uk" variant_id="0">3</se>
    <se lang="ru" variant_id="1">3</se>
  </para>
  <para id="1">
    <se lang="uk" variant_id="0">The Bolotovs and Madam Shpolyanski, a little lean woman in slacks, were the first people to see Pnin as he cautiously turned into a sandy avenue, bordered with wild lupins, and, sitting very straight, stiffly clutching the steering-wheel as if he were a farmer more used to his tractor than to his car, entered, at ten miles an hour and in first gear, the grove of old, dishevelled, curiously authentic-looking pines that separated the paved road from Cook's Castle.</se>
    <se lang="ru" variant_id="1">Болотовы и мадам Шполянская, тощенькая женщина в брюках, первыми увидели Пнина, когда он осторожно повернул на песчаную аллею, поросшую по краям диким лупином, и, сидя очень прямо, намертво вцепившись негнущимися руками в баранку руля, так, словно он был фермер, привыкший больше к своему трактору, чем к автомобилю, на первой скорости, делая не больше десяти миль в час, въехал в старую, взъерошенную и поразительно взаправдошную сосновую рощу, отделявшую Куков замок от мощеной дороги.</se>
  </para>
  <para id="2">
    <se lang="uk" variant_id="0">Varvara buoyantly rose from the seat of the pavilion вЂ” where she and Roza Shpolyanski had just discovered Bolotov reading a battered book and smoking a forbidden cigarette.</se>
    <se lang="ru" variant_id="1">Варвара резко вскочила на ноги в беседке, где они только что с Розой Шполянской застигли Болотова, читавшего затрепанную книжку и курившего при этом запретную сигарету.</se>
  </para>
  <para id="3">
    <se lang="uk" variant_id="0">She greeted Pnin with a clapping of hands, while her husband showed as much geniality as he was capable of by slowly waving the book he had closed on his thumb to mark the place.</se>
    <se lang="ru" variant_id="1">Варвара захлопала в ладоши, приветствуя Пнина, а муж ее выказал все радушие, на какое только был способен, и помахал ему книгой, заложенной большим пальцем в том месте, где он читал.</se>
  </para>
  <para id="4">
    <se lang="uk" variant_id="0">Pnin killed the motor and sat beaming at his friends.</se>
    <se lang="ru" variant_id="1">Пнин прикончил мотор и сидел, радостно улыбаясь своим друзьям.</se>
  </para>
  <para id="5">
    <se lang="uk" variant_id="0">The collar of his green sport shirt was undone; his partly unzipped windbreaker seemed too tight for his impressive torso; his bronzed bald head, with the puckered brow and conspicuous vermicular vein on the temple, bent low as he wrestled with the door handle and finally dived out of the car.</se>
    <se lang="ru" variant_id="1">Ворот его зеленой спортивной рубахи был распахнут; его не до конца застегнутая на молнию штормовка казалась слишком тесной для его внушительного торса; его загорелая лысая голова с морщинистым челом и червеобразной вздувшейся веной на виске низко склонилась вперед, когда он вступил в борьбу с дверной ручкой, а потом наконец вывалился из машины.</se>
  </para>
  <para id="6">
    <se lang="uk" variant_id="0">'Avtomobil', kostyum вЂ” nu pryamo amerikanets (a veritable American), pryamo Ayzenhauer!' said Varvara, and introduced Pnin to Roza Abramovna Shpolyanski.</se>
    <se lang="ru" variant_id="1">"Avtomobil', kostyum — nu pryamo amerikanets (истинный американец), pryamo Ayzenhauer!" — сказала Варвара и представила Пнина Розе Абрамовне Шполянской.</se>
  </para>
  <para id="7">
    <se lang="uk" variant_id="0">'We had some mutual friends forty years ago,' remarked that lady, peering at Pnin with curiosity.</se>
    <se lang="ru" variant_id="1">— Сорок лет тому назад у нас с вами были общие друзья, — сказала эта дама, с любопытством разглядывая Пнина.</se>
  </para>
  <para id="8">
    <se lang="uk" variant_id="0">'Oh, let us not mention such astronomical figures,' said Bolotov, approaching and replacing with a grass blade the thumb he had been using as a bookmarker.</se>
    <se lang="ru" variant_id="1">— О, давайте не будем называть таких астрономических цифр, — сказал Болотов, подходя к ним и заменяя в книге травинкой большой палец, служивший ему закладкой.</se>
  </para>
  <para id="9">
    <se lang="uk" variant_id="0">'You know,' he continued, shaking Pnin's hand, 'I am rereading Anna Karenina for the seventh time and I derive as much rapture as I did, not forty, but sixty, years ago, when I was a lad of seven.</se>
    <se lang="ru" variant_id="1">— Знаете, — сказал он, пожимая руку Пнину, — в седьмой раз перечитываю "Анну Каренину" и испытываю такое же наслаждение, как сорок, нет, не сорок, а шестьдесят лет тому назад, когда я был семилетним мальчишкой.</se>
  </para>
  <para id="10">
    <se lang="uk" variant_id="0">And, every time, one discovers new things вЂ” for instance, I notice now that Lyov Nikolaich does not know on what day his novel starts: it seems to be Friday because that is the day the clockman comes to wind up the clocks in the Oblonski house, but it is also Thursday as mentioned in the conversation at the skating rink between Lyovin and Kitty's mother.'</se>
    <se lang="ru" variant_id="1">И каждый раз находишь что-нибудь новое — например, я заметил, что Лев Николаевич не знал, в какой день начинается действие романа: это как будто пятница, потому что в этот день часовщик приходил заводить часы в доме Облонских, но это также может быть четвергом, как об этом упоминается в разговоре Левина с матушкой Китти на катке.</se>
  </para>
  <para id="11">
    <se lang="uk" variant_id="0">'What on earth does it matter,' cried Varvara.</se>
    <se lang="ru" variant_id="1">— Да какое, помилуйте, это имеет значение, — воскликнула Варвара.</se>
  </para>
  <para id="12">
    <se lang="uk" variant_id="0">'Who on earth wants to know the exact day?'</se>
    <se lang="ru" variant_id="1">— Кому, помилуйте, нужно с точностью знать, в какой день?</se>
  </para>
  <para id="13">
    <se lang="uk" variant_id="0">'I can tell you the exact day,' said Pnin, blinking in the broken sunlight and inhaling the remembered tang of northern pines.</se>
    <se lang="ru" variant_id="1">— Я могу вам сказать точно, какой был день, — сказал Пнин, моргая от переменчивых солнечных лучей и глубоко вдыхая памятный запах северной сосны.</se>
  </para>
  <para id="14">
    <se lang="uk" variant_id="0">'The action of the novel starts in the beginning of 1872, namely on Friday, February the twenty-third by the New Style.</se>
    <se lang="ru" variant_id="1">— Действие романа начинается в начале 1872 года, точнее, в пятницу, двадцать третьего февраля по новому стилю.</se>
  </para>
  <para id="15">
    <se lang="uk" variant_id="0">In his morning paper Oblonski reads that Beust is rumoured to have proceeded to Wiesbaden.</se>
    <se lang="ru" variant_id="1">В утренней газете Облонский читает, что, по слухам, Бейст проследовал в Висбаден.</se>
  </para>
  <para id="16">
    <se lang="uk" variant_id="0">This is of course Count Friedrich Ferdinand von Beust, who had just been appointed Austrian Ambassador to the Court of St James's.</se>
    <se lang="ru" variant_id="1">Речь, конечно, идет о графе Фридрихе Фердинанде фон Бейсте, который только что был назначен австрийским послом ко двору Св. Джеймса.</se>
  </para>
  <para id="17">
    <se lang="uk" variant_id="0">After presenting his credentials, Beust had gone to the continent for a rather protracted Christmas vacation вЂ” had spent there two months with his family, and was now returning to London, where, according to his own memoirs in two volumes, preparations were under way for the thanksgiving service to be held in St Paul's on February the twenty-seventh for the recovering from typhoid fever of the Prince of Wales.</se>
    <se lang="ru" variant_id="1">После вручения верительных грамот Бейст отбыл на континент в довольно продолжительный рождественский отпуск — он провел два месяца с семьей, и теперь возвращался в Лондон, где, как сообщают его двухтомные мемуары, шли в это время приготовления к благодарственному молебну, который должен был состояться в соборе Св. Павла двадцать седьмого февраля и имел причиной выздоровление принца Уэльского от брюшного тифа.</se>
  </para>
  <para id="18">
    <se lang="uk" variant_id="0">However (odnako), it really is hot here (i zharko the u vas)!</se>
    <se lang="ru" variant_id="1">Однако (odnako) и жарко же у вас (i zharko zhe u vas)!</se>
  </para>
  <para id="19">
    <se lang="uk" variant_id="0">I think I shall now present myself before the most luminous orbs (presvetlГЇe ochi, jocular) of Alexandr Petrovich and then go for a dip (okupnutsya, also jocular) in the river he so vividly describes in his letter.'</se>
    <se lang="ru" variant_id="1">А теперь, я думаю, мне надо предстать пред пресветлые очи (presvetlie ochi, шутливое) Александра Петровича, а потом пойти окунуться (okupnutsya, также шутливое) в реке, которую он так живо описал в своем письме.</se>
  </para>
  <para id="20">
    <se lang="uk" variant_id="0">'Alexandr Petrovich is away till Monday, on business or pleasure,' said Varvara Bolotov, 'but I think you will find Susanna Karlovna sun-bathing on her favourite lawn behind the house.</se>
    <se lang="ru" variant_id="1">— Александр Петрович уехал до понедельника, по делам или просто развлечься, — сказала Варвара Болотова, — но, я думаю, вы найдете Сусанну Карловну на ее любимой лужайке за домом, она там загорает.</se>
  </para>
  <para id="21">
    <se lang="uk" variant_id="0">Shout before you app roach too near.'</se>
    <se lang="ru" variant_id="1">Только крикните, прежде чем подходить слишком близко.</se>
  </para>
</body>
</html>
