﻿<?xml version="1.0" encoding="utf-8"?>
<html>
<head>
</head>
<body>
  <para id="0">
    <se lang="uk" variant_id="0">3</se>
    <se lang="ru" variant_id="1"></se>
  </para>
  <para id="1">
    <se lang="uk" variant_id="0">Some people вЂ” and I am one of them вЂ” hate happy ends.</se>
    <se lang="ru" variant_id="1">У нас при этом такое чувство, будто нас надули.</se>
  </para>
  <para id="2">
    <se lang="uk" variant_id="0">We feel cheated.</se>
    <se lang="ru" variant_id="1">Драма — это норма.</se>
  </para>
  <para id="3">
    <se lang="uk" variant_id="0">Harm is the norm.</se>
    <se lang="ru" variant_id="1">Невзгоды ждать не заставят.</se>
  </para>
  <para id="4">
    <se lang="uk" variant_id="0">Doom should not jam.</se>
    <se lang="ru" variant_id="1">Беда не забуксует.</se>
  </para>
  <para id="5">
    <se lang="uk" variant_id="0">The avalanche stopping in its tracks a few feet above the cowering village behaves not only unnaturally but unethically.</se>
    <se lang="ru" variant_id="1">Лавина, которая вдруг замерла на пути, не пройдя последние метры, чтоб накрыть горную деревушку, ведет себя не только противоестественно, но и безнравственно.</se>
  </para>
  <para id="6">
    <se lang="uk" variant_id="0">Had I been reading about this mild old man, instead of writing about him, I would have preferred him to discover, upon his arrival to Cremona, that his lecture was not this Friday but the next.</se>
    <se lang="ru" variant_id="1">Если б я читал историю про этого тихого пожилого джентльмена, вместо того чтобы сочинять ее, я предпочел бы, чтобы, прибыв в Кремону, он обнаружил, что лекция его назначена не на эту пятницу, а на следующую.</se>
  </para>
  <para id="7">
    <se lang="uk" variant_id="0">Actually, however, he not only arrived safely but was in time for dinner вЂ” a fruit cocktail, to begin with, mint jelly with the anonymous meat course, chocolate syrup with the vanilla ice-cream.</se>
    <se lang="ru" variant_id="1">На самом деле Пнин не только благополучно добрался до места, но еще и успел к ужину — на закуску он взял фруктовый коктейль, потом мятное желе с каким-то неопознанным куском мяса и шоколадный сироп с ванильным мороженым.</se>
  </para>
  <para id="8">
    <se lang="uk" variant_id="0">And soon afterwards, surfeited with sweets, wearing his black suit, and juggling three papers, all of which he had stuffed into his coat so as to have the one he wanted among the rest (thus thwarting mischance by mathematical necessity), he sat on a chair near the lectern, while, at the lectern, Judith Clyde, an ageless blonde in aqua rayon, with large, flat cheeks stained a beautiful candy pink and two bright eyes basking in blue lunacy behind a rimless pince-nez, presented the speaker:</se>
    <se lang="ru" variant_id="1">И вот, перекормленный сластями, облаченный в свой черный костюм, манипулируя сразу тремя докладами, которые он распихал по карманам пиджака, с тем чтобы тот, который понадобится сегодня, оказался одним из трех (таким образом, он методом математической неизбежности исключал возможность просчета), Пнин уже восседал на стуле близ кафедры, в то время как на самой кафедре мисс Джудит Клайд, безвозрастная, наряженная в нечто шелковое цвета морской волны блондинка с крупными, плоскими щеками прекрасного конфетно-розового цвета и яркими глазами, которые купались в голубом безумии за стеклами пенсне без оправы, представляла докладчика аудитории.</se>
  </para>
  <para id="9">
    <se lang="uk" variant_id="0">'Tonight,' she said, 'the speaker of the evening вЂ” This, by the way, is our third Friday night; last time, as you all remember, we all enjoyed hearing what Professor Moore had to say about agriculture in China.</se>
    <se lang="ru" variant_id="1">— Сегодня, — сказала она, — у нас выступит... А это, кстати сказать, наше третье заседание; в последний раз, если вы помните, все мы имели удовольствие прослушать рассказ профессора Муры о китайском земледелии.</se>
  </para>
  <para id="10">
    <se lang="uk" variant_id="0">Tonight we have here, I am proud to say, the Russian-born, and citizen of this country, Professor вЂ” now comes a difficult one, I am afraid вЂ” Professor Pun-neen.</se>
    <se lang="ru" variant_id="1">Сегодня же у нас в гостях, и я с гордостью объявляю вам об этом, выходец из России и гражданин нашей страны, профессор — вот тут, боюсь, мне предстоят трудности, — профессор Пан-нин.</se>
  </para>
  <para id="11">
    <se lang="uk" variant_id="0">I hope I have it right.</se>
    <se lang="ru" variant_id="1">Надеюсь, у меня тут правильно записано.</se>
  </para>
  <para id="12">
    <se lang="uk" variant_id="0">He hardly needs any introduction, of course, and we are all happy to have him.</se>
    <se lang="ru" variant_id="1">Он вряд ли, конечно, нуждается в специальном представлении, и все мы очень рады видеть его среди нас.</se>
  </para>
  <para id="13">
    <se lang="uk" variant_id="0">We have a long evening before us, a long and rewarding evening, and I am sure you would all like to have time to ask him questions afterwards.</se>
    <se lang="ru" variant_id="1">Нам предстоит сегодня большая программа, большая и очень насыщенная, и я уверена, что все вы заинтересованы в том, чтоб у нас осталось время и вы могли задать вопросы докладчику.</se>
  </para>
  <para id="14">
    <se lang="uk" variant_id="0">Incidentally, I am told his father was Dostoyevsky's family doctor, and he has travelled quite a bit on both sides of the Iron Curtain.</se>
    <se lang="ru" variant_id="1">Между прочим, как мне говорили, отец его был домашним врачом Достоевского и сам он немало путешествовал по ту и по эту сторону Железного Занавеса.</se>
  </para>
  <para id="15">
    <se lang="uk" variant_id="0">Therefore I will not take up your precious time any longer and will only add a few words about our next Friday lecture in this programme.</se>
    <se lang="ru" variant_id="1">Так что я не буду больше занимать ваше драгоценное время и скажу только в дополнение два слова о лекции, которая будет прочитана в рамках той же самой программы в следующую пятницу.</se>
  </para>
  <para id="16">
    <se lang="uk" variant_id="0">I am sure you will all be delighted to know that there is a grand surprise in store for all of us.</se>
    <se lang="ru" variant_id="1">Уверена, что вы будете в восторге, когда узнаете, какой замечательный сюрприз нас с вами ждет.</se>
  </para>
  <para id="17">
    <se lang="uk" variant_id="0">Our next lecturer is the distinguished poet and prose writer, Miss Linda Lacefield.</se>
    <se lang="ru" variant_id="1">Нашим следующим докладчиком будет видный поэт и прозаик — мисс Бетси Бисершилд.</se>
  </para>
  <para id="18">
    <se lang="uk" variant_id="0">We all know she has written poetry, prose, and some short stories.</se>
    <se lang="ru" variant_id="1">Все мы знаем, что она создала произведения поэзии и прозы, а также несколько коротких рассказов.</se>
  </para>
  <para id="19">
    <se lang="uk" variant_id="0">Miss Lacefield was born in New York.</se>
    <se lang="ru" variant_id="1">Мисс Бисершилд родилась в Нью-Йорке.</se>
  </para>
  <para id="20">
    <se lang="uk" variant_id="0">Her ancestors on both sides fought on both sides in the Revolutionary War.</se>
    <se lang="ru" variant_id="1">Ее предки со стороны отца и матери во время Революционной войны сражались с той и с другой стороны.</se>
  </para>
  <para id="21">
    <se lang="uk" variant_id="0">She wrote her first poem before graduation.</se>
    <se lang="ru" variant_id="1">Первое свое стихотворение она написала еще студенткой.</se>
  </para>
  <para id="22">
    <se lang="uk" variant_id="0">Many of her poems вЂ” three of them, at least вЂ” have been published in Response, A Hundred Love Lyrics by American Women.</se>
    <se lang="ru" variant_id="1">Многие из ее стихотворений — во всяком случае, не меньше трех — были опубликованы в сборнике "Ответное чувство. Сто любовных стихотворений американских поэтесс".</se>
  </para>
  <para id="23">
    <se lang="uk" variant_id="0">In 1932 she received the cash prize offered by вЂ” '</se>
    <se lang="ru" variant_id="1">В 1932 году она удостоилась денежной премии, учрежденной...</se>
  </para>
  <para id="24">
    <se lang="uk" variant_id="0">But Pnin was not listening.</se>
    <se lang="ru" variant_id="1">Но Пнин не слушал.</se>
  </para>
  <para id="25">
    <se lang="uk" variant_id="0">A faint ripple stemming from his recent seizure was holding his fascinated attention.</se>
    <se lang="ru" variant_id="1">Легкий отзвук недавнего приступа совершенно завладел его вниманием.</se>
  </para>
  <para id="26">
    <se lang="uk" variant_id="0">It lasted only a few heartbeats, with an additional systole here and there вЂ” last, harmless echoes вЂ” and was resolved in demure reality as his distinguished hostess invited him to the lectern; but while it lasted, how limpid the vision was!</se>
    <se lang="ru" variant_id="1">Он длился совсем недолго, всего несколько ударов сердца, с нерегулярными сбоями то там, то здесь — последнее и безвредное эхо, — и Пнин вернулся к трезвой реальности, приглашенный почтенною хозяйкой занять место за кафедрой; и все же, пока длился этот миг, каким ясным было видение!</se>
  </para>
  <para id="27">
    <se lang="uk" variant_id="0">In the middle of the front row of seats he saw one of his Baltic aunts, wearing the pearls and the lace and the blonde wig she had worn at all the performances given by the great ham actor Khodotov, whom she had adored from afar before drifting into insanity.</se>
    <se lang="ru" variant_id="1">В середине первого ряда он узнал одну из своих прибалтийских тетушек, в жемчугах, кружевах и в светлом своем парике, что она надевала на все спектакли знаменитого и никчемного актера Ходотова, которого она обожала издали до той самой поры, пока мало-помалу не уплыла в безумие.</se>
  </para>
  <para id="28">
    <se lang="uk" variant_id="0">Next to her, shyly smiling, sleek dark head inclined, gentle brown gaze shining up at Pnin from under velvet eyebrows, sat a dead sweetheart of his, fanning herself with a programme.</se>
    <se lang="ru" variant_id="1">Рядом с ней, застенчиво улыбаясь, склонив набок гладко причесанную темную головку и даря его нежным, сияющим кареглазым взглядом из-под бархатных бровей, сидела, обмахиваясь программкой, его мертвая любовь.</se>
  </para>
  <para id="29">
    <se lang="uk" variant_id="0">Murdered, forgotten, unrevenged, incorrupt, immortal, many old friends were scattered throughout the dim hall among more recent people, such as Miss Clyde, who had modestly regained a front seat.</se>
    <se lang="ru" variant_id="1">Убитые, неотмщенные, позабытые всеми, безгрешные и бессмертные, его многочисленные прежние друзья притаились в уголках этой тускло освещенной залы среди более поздних, таких, как мисс Клайд, которая скромно ушла на свое место в первом ряду.</se>
  </para>
  <para id="30">
    <se lang="uk" variant_id="0">Vanya Bednyashkin, shot by the Reds in 1919 in Odessa because his father had been a Liberal, was gaily signalling to his former schoolmate from the back of the hall.</se>
    <se lang="ru" variant_id="1">Ваня Бедняшкин, расстрелянный красными в 1919 году в Одессе за то, что отец его был либералом, радостно махал бывшему однокласснику из задних рядов.</se>
  </para>
  <para id="31">
    <se lang="uk" variant_id="0">And in an inconspicuous situation Dr Pavel Pnin and his anxious wife, both a little blurred but on the whole wonderfully recovered from their obscure dissolution, looked at their son with the same life-consuming passion and pride that they had looked at him with that night in 1912 when, at a school festival, commemorating Napoleon's defeat, he had recited (a bespectacled lad all alone on the stage) a poem by Pushkin.</se>
    <se lang="ru" variant_id="1">И где-то в скромном отдалении доктор Павел Пнин и его взволнованная супруга, оба чуть расплывчатые, но все же, в целом, чудесным образом возвращенные из мрака небытия, глядели на своего сына с той же всепоглощающей страстной любовью и гордостью, с какой смотрели на него в тот вечер 1912 года, когда на школьном празднике, посвященном победе над Наполеоном, он декламировал (маленький очкарик, один-единственный на целой сцене) стихи Пушкина.</se>
  </para>
  <para id="32">
    <se lang="uk" variant_id="0">The brief vision was gone.</se>
    <se lang="ru" variant_id="1">Краткое видение исчезло.</se>
  </para>
  <para id="33">
    <se lang="uk" variant_id="0">Old Miss Herring, retired Professor of History, author of Russia Awakes (1922), was bending across one or two intermediate members of the audience to compliment Miss Clyde on her speech, while from behind that lady another twinkling old party was thrusting into her field of vision a pair of withered, soundlessly clapping hands.</se>
    <se lang="ru" variant_id="1">Старая мисс Геринг, профессор истории, в отставке, автор книги "Россия пробуждается" (1922), через головы двух или трех слушательниц приносила мисс Клайд свои поздравления по поводу ее речи, а выбираясь из-за спины этой дамы, еще одна мерцающе дряхлая участница заседания тянула свои сморщенные ладони, так чтоб они видны были мисс Клайд, и аплодировала беззвучно.</se>
  </para>
</body>
</html>
