﻿<?xml version="1.0" encoding="utf-8"?>
<html>
<head>
</head>
<body>
  <para id="0">
    <se lang="uk" variant_id="0">3</se>
    <se lang="ru" variant_id="1">3</se>
  </para>
  <para id="1">
    <se lang="uk" variant_id="0">Pnin had just rented a small house, and had invited the Hagens and the Clementses, and the Thayers, and Betty Bliss to a house-warming party.</se>
    <se lang="ru" variant_id="1">Пнин только что снял небольшой домик и пригласил всех на новоселье — и Гагенов, и Клементсов, и Тэйеров, и Кэти Кис.</se>
  </para>
  <para id="2">
    <se lang="uk" variant_id="0">On the morning of that day, good Dr Hagen made a desperate visit to Blorenge's office and revealed to him, and to him alone, the whole situation.</se>
    <se lang="ru" variant_id="1">Утром того же дня добрый доктор Гаген сделал отчаянную вылазку в кабинет Блоренджа и посвятил его, но только его одного, в создавшуюся ситуацию.</se>
  </para>
  <para id="3">
    <se lang="uk" variant_id="0">When he told Blorenge that Falternfels was a strong anti-Pninist, Blorenge dryly rejoined that so was he; in fact, after meeting Pnin socially, he 'definitely felt' (it is truly a wonder how prone these practical people are to feel rather than to think) that Pnin was not fit even to loiter in the vicinity of an American college.</se>
    <se lang="ru" variant_id="1">Когда он сказал Блоренджу, что Фальтернфельс является убежденным антипнинистом, Блорендж сухо заметил, что и он тоже; что, впервые увидев Пнина на людях, он "с определенностью почувствовал" (просто поразительно, как часто эти люди практического склада предпочитают чувствовать, а не думать), что Пнина и близко подпускать нельзя к американскому университету.</se>
  </para>
  <para id="4">
    <se lang="uk" variant_id="0">Staunch Hagen said that for several terms Pnin had been admirably dealing with the Romantic Movement and might surely handle Chateaubriand and Victor Hugo under the auspices of the French Department.</se>
    <se lang="ru" variant_id="1">Верный Гаген сказал, что на протяжении нескольких семестров Пнин чудесно справлялся с Романтическим Направлением и, без сомнения, мог бы взять на себя Шатобриана и Гюго в рамках французского отделения.</se>
  </para>
  <para id="5">
    <se lang="uk" variant_id="0">'Dr Slavski takes care of that crowd,' said Blorenge.</se>
    <se lang="ru" variant_id="1">— Доктор Славская сама этой кодлой занимается, — сказал Блорендж.</se>
  </para>
  <para id="6">
    <se lang="uk" variant_id="0">'In fact, I sometimes think we overdo literature.</se>
    <se lang="ru" variant_id="1">— Вообще, мне иногда кажется, что у нас перебор литературы.</se>
  </para>
  <para id="7">
    <se lang="uk" variant_id="0">Look, this week Miss Mopsuestia begins the Existentialists, your man Bodo does Romain Rolland, I lecture on General Boulanger and De BГ©ranger.</se>
    <se lang="ru" variant_id="1">Вот глядите, на этой неделе мисс Мопсуэстиа у нас начала Экзистенциалистов, этот ваш Бодо дует Ромэна Роллана, я читаю про генерала Буланже и де Беранже.</se>
  </para>
  <para id="8">
    <se lang="uk" variant_id="0">No, we have definitely enough of the stuff.'</se>
    <se lang="ru" variant_id="1">Нет, нам этой штуки вполне достаточно.</se>
  </para>
  <para id="9">
    <se lang="uk" variant_id="0">Hagen, playing his last card, suggested Pnin could teach a French Language course: like many Russians, our friend had had a French governess as a child, and after the Revolution he lived in Paris for more than fifteen years.</se>
    <se lang="ru" variant_id="1">Гаген выложил последнюю карту, высказав предположение, что Пнин мог бы заняться преподаваньем французского: как многие русские, наш друг имел в детстве французскую гувернантку, а после революции он больше пятнадцати лет прожил в Париже.</se>
  </para>
  <para id="10">
    <se lang="uk" variant_id="0">'You mean,' asked Blorenge sternly, 'he can speak French?'</se>
    <se lang="ru" variant_id="1">— Вы хотите сказать, — строго спросил Блорендж, — что он может говорить по-французски?</se>
  </para>
  <para id="11">
    <se lang="uk" variant_id="0">Hagen, who was well aware of Blorenge's special requirements, hesitated.</se>
    <se lang="ru" variant_id="1">Гаген, знавший о специфических требованиях Блоренджа, замялся.</se>
  </para>
  <para id="12">
    <se lang="uk" variant_id="0">'Out with it, Herman!</se>
    <se lang="ru" variant_id="1">— Выкладывайте, Герман!</se>
  </para>
  <para id="13">
    <se lang="uk" variant_id="0">Yes or no?'</se>
    <se lang="ru" variant_id="1">Да или нет?</se>
  </para>
  <para id="14">
    <se lang="uk" variant_id="0">'I am sure he could adapt himself.'</se>
    <se lang="ru" variant_id="1">— Уверен, что он сумеет приспособиться.</se>
  </para>
  <para id="15">
    <se lang="uk" variant_id="0">'He does speak it, eh?'</se>
    <se lang="ru" variant_id="1">— Значит, он все же говорит, так?</se>
  </para>
  <para id="16">
    <se lang="uk" variant_id="0">'Well, yes.'</se>
    <se lang="ru" variant_id="1">— Да, конечно.</se>
  </para>
  <para id="17">
    <se lang="uk" variant_id="0">'In that case,' said Blorenge, 'we can't use him in First-Year French.</se>
    <se lang="ru" variant_id="1">— В этом случае, — сказал Блорендж, — мы не можем подпускать его к первокурсникам.</se>
  </para>
  <para id="18">
    <se lang="uk" variant_id="0">It would be unfair to our Mr Smith, who gives the elementary course this term and, naturally, is required to be only one lesson ahead of his students.</se>
    <se lang="ru" variant_id="1">Это будет несправедливо по отношению к мисс Смит, которая дает в этом семестре начальный курс и, естественно, по своим знаниям должна опережать своих студентов всего на один урок.</se>
  </para>
  <para id="19">
    <se lang="uk" variant_id="0">Now it so happens that Mr Hashimoto needs an assistant for his overflowing group in Intermediate French.</se>
    <se lang="ru" variant_id="1">У нас так сложилось, что мистеру Хашимото нужен ассистент для его переполненной средней группы.</se>
  </para>
  <para id="20">
    <se lang="uk" variant_id="0">Does your man read French as well as speak it?'</se>
    <se lang="ru" variant_id="1">А ваш этот, как его, он так же хорошо читает по-французски, как говорит?</se>
  </para>
  <para id="21">
    <se lang="uk" variant_id="0">'I repeat, he can adapt himself,' hedged Hagen.</se>
    <se lang="ru" variant_id="1">— Повторяю, он сможет приспособиться, — уклончиво сказал Гаген.</se>
  </para>
  <para id="22">
    <se lang="uk" variant_id="0">'I know what adaptation means,' said Blorenge, frowning.</se>
    <se lang="ru" variant_id="1">— Знаю я это приспособление, — сказал Блорендж нахмурившись.</se>
  </para>
  <para id="23">
    <se lang="uk" variant_id="0">'In 1950, when Hash was away, I engaged that Swiss skiing instructor and he smuggled in mimeo copies of some old French anthology.</se>
    <se lang="ru" variant_id="1">— В 1950 году, когда Хаш уезжал, я нанял этого швейцарца, лыжного инструктора, так он протащил в класс копии какой-то старой французской антологии.</se>
  </para>
  <para id="24">
    <se lang="uk" variant_id="0">It took us almost a year to bring the class back to its initial level.</se>
    <se lang="ru" variant_id="1">У нас потом чуть не целый год ушел, чтоб вернуть класс к его начальному уровню.</se>
  </para>
  <para id="25">
    <se lang="uk" variant_id="0">Now, if what's-his-name does not read French вЂ” '</se>
    <se lang="ru" variant_id="1">Так вот, если этот ваш, как его там, не умеет читать по-французски...</se>
  </para>
  <para id="26">
    <se lang="uk" variant_id="0">'I'm afraid he does,' said Hagen with a sigh.</se>
    <se lang="ru" variant_id="1">— Боюсь, что умеет, — со вздохом сказал Гаген.</se>
  </para>
  <para id="27">
    <se lang="uk" variant_id="0">'Then we can't use him at all.</se>
    <se lang="ru" variant_id="1">— Тогда мы вообще не сможем его использовать.</se>
  </para>
  <para id="28">
    <se lang="uk" variant_id="0">As you know, we believe only in speech records and other mechanical devices.</se>
    <se lang="ru" variant_id="1">Как вы знаете, я верю только в записи и другие технические приспособления.</se>
  </para>
  <para id="29">
    <se lang="uk" variant_id="0">No books are allowed.'</se>
    <se lang="ru" variant_id="1">Никаких книг мы не разрешаем.</se>
  </para>
  <para id="30">
    <se lang="uk" variant_id="0">'There still remains Advanced French,' murmured Hagen.</se>
    <se lang="ru" variant_id="1">— Остается еще высший курс французского, продвинутый, — пробормотал Гаген.</se>
  </para>
  <para id="31">
    <se lang="uk" variant_id="0">'Carolina Slavski and I take care of that,' answered Blorenge.</se>
    <se lang="ru" variant_id="1">— Каролина Славская и я, мы сами его ведем, — ответил Блорендж.</se>
  </para>
</body>
</html>
