﻿<?xml version="1.0" encoding="utf-8"?>
<html>
<head>
</head>
<body>
  <para id="0">
    <se lang="uk" variant_id="0">2</se>
    <se lang="ru" variant_id="1">2</se>
  </para>
  <para id="1">
    <se lang="uk" variant_id="0">Al Cook was a son of Piotr Kukolnikov, wealthy Moscow merchant of Old-Believer antecedents, self-made man, Maecenas and philanthropist вЂ” the famous Kukolnikov who under the last Tsar had been twice imprisoned in a fairly comfortable fortress for giving financial assistance to Social-Revolutionary groups (terrorists, mainly), and under Lenin had been put to death as an 'Imperialistic spy' after almost a week of medieval tortures in a Soviet jail.</se>
    <se lang="ru" variant_id="1">Эл Кук был сыном Петра Кукольникова, богатого московского купца из старообрядцев, мецената и филантропа, до всего дошедшего своим трудом, — того самого Кукольникова, что при последнем царе дважды посажен был в крепость, довольно, впрочем, комфортабельную, за оказание финансовой помощи разным группам социалреволюционеров (главным образом, террористов), а при Ленине, в завершение чуть не целой недели средневековых пыток в советской тюрьме, был казнен как "агент империализма".</se>
  </para>
  <para id="2">
    <se lang="uk" variant_id="0">His family reached America via Harbin, around 1925, and young Cook by dint of quiet perseverance, practical acumen, and some scientific training, rose to a high and secure position in a great chemical concern.</se>
    <se lang="ru" variant_id="1">Семья его перебралась в Америку через Харбин году в 1925-м, и молодой Кук, благодаря своему спокойному упорству, практической сметке и некоторой научной подготовке, достиг высокого и надежного положения в большом химическом концерне.</se>
  </para>
  <para id="3">
    <se lang="uk" variant_id="0">A kindly, very reserved man of stocky build, with a large immobile face that was tied up in the middle by a neat little pince-nez, he looked what he was вЂ” a Business Executive, a Mason, a Golfer, a prosperous and cautious man.</se>
    <se lang="ru" variant_id="1">Добродушный, очень сдержанный человек плотного сложения, с большим неподвижным лицом, перевязанным посередке маленьким аккуратным пенсне, он и выглядел соответственно тому, что собой представлял — деловой администратор, масон, любитель гольфа, человек процветающий и осторожный.</se>
  </para>
  <para id="4">
    <se lang="uk" variant_id="0">He spoke beautifully correct, neutral English, with only the softest shadow of a Slavic accent, and was a delightful host, of the silent variety, with a twinkling eye, and a highball in each hand; and only when some very old and beloved Russian friend was his midnight guest would Alexandr Petrovich suddenly start to discuss God, Lermontov, Liberty, and divulge a hereditary streak of rash idealism that would have greatly confused a Marxist eavesdropper.</se>
    <se lang="ru" variant_id="1">Он говорил на замечательно правильном и нейтральном английском лишь с легчайшею тенью славянского акцента и был восхитительный хозяин, из тех молчаливых хозяев, что встречают гостя, дружелюбно подмигивая, со стаканом виски в каждой руке, и лишь изредка, когда кто-нибудь из очень старых и близких его русских друзей засидится за полночь, заводил вдруг Александр Петрович спор о Боге, о Лермонтове, о Свободе, и тогда обнаруживал наследственную жилку бесшабашного идеализма, который немало смутил бы марксиста, подслушавшего такой разговор.</se>
  </para>
  <para id="5">
    <se lang="uk" variant_id="0">He married Susan Marshall, the attractive, voluble, blonde daughter of Charles G. Marshall, the inventor, and because one could not imagine Alexandr and Susan otherwise than raising a huge healthy family, it came as a shock to me and other well-wishers to learn that as the result of an operation Susan would remain childless all her life.</se>
    <se lang="ru" variant_id="1">Женился он на Сьюзен Маршал, красивой, разговорчивой блондинке, дочке изобретателя Джорджа Дж. Маршала, и может, оттого, что трудно было представить себе Александра и Сьюзен иначе как во главе многодетного здорового семейства, и я, и другие любящие их друзья были просто потрясены, узнав, что вследствие какой-то операции Сьюзен никогда не сможет иметь детей.</se>
  </para>
  <para id="6">
    <se lang="uk" variant_id="0">They were still young, loved each other with a sort of old-world simplicity and integrity very soothing to observe, and instead of populating their country place with children and grandchildren, they collected every even-year summer, elderly Russians (Cook's fathers or uncles, as it were); on odd вЂ” year summers they would have amerikantsГЇ (Americans), Alexandr's business acquaintances or Susan's relatives and friends.</se>
    <se lang="ru" variant_id="1">Они были еще молоды и любили друг друга с какой-то старосветской простотой и цельностью, наблюдать которые было весьма отрадно, и вот, вместо того чтоб населить свой деревенский дом детьми и внуками, они собирали здесь раз в два лета пожилых русских (так сказать, отцов и дядюшек Кука); в нечетные годы у них здесь гостили amerikanski деловые знакомые Александра или родственники Сьюзен и ее друзья.</se>
  </para>
  <para id="7">
    <se lang="uk" variant_id="0">This was the first time Pnin was coming to The Pines but I had been there before.</se>
    <se lang="ru" variant_id="1">Пнин впервые ехал в Сосны, но я-то уже бывал там раньше.</se>
  </para>
  <para id="8">
    <se lang="uk" variant_id="0">Г‰migrГ© Russians вЂ” liberals and intellectuals who had left Russia around 1920 вЂ” could be found swarming all over the place.</se>
    <se lang="ru" variant_id="1">Усадьба кишмя кишела русскими emigre — либералами и интеллектуалами, покинувшими Россию около 1920 года.</se>
  </para>
  <para id="9">
    <se lang="uk" variant_id="0">You would find them in every patch of speckled shade, sitting on rustic benches and discussing Г©migrГ© writers вЂ” Bunin, Aldanov, Sirin; lying suspended in hammocks, with the Sunday issue of a Russian-language newspaper over their faces in traditional defence against flies; sipping tea with jam on the veranda; walking in the woods and wondering about the edibility of local toadstools.</se>
    <se lang="ru" variant_id="1">Их можно было увидеть здесь на каждом пятачке крапчатой тени, сидящих на грубых деревенских скамьях и обсуждающих эмигрантских писателей — Бунина, Алданова, Сирина; лежащих в гамаках с лицом накрытым русскоязычной газетой — традиционная защита от мух; попивающих на веранде чай с вареньем; гуляющих по лесу и спрашивающих о том, съедобны ли здешние поганки.</se>
  </para>
  <para id="10">
    <se lang="uk" variant_id="0">Samuil Lvovich Shpolyanski, a large majestically calm old gentleman, and small, excitable, stuttering Count Fyodor Nikitich Poroshin, both of whom, around 1920, had been members of one of those heroic Regional Governments that were formed in the Russian provinces by democratic groups to withstand Bolshevik dictatorship, would pace the avenue of pines and discuss the tactics to be adopted at the next joint meeting of the Free Russia Committee (which they had founded in New York) with another, younger, anti-Communist organization.</se>
    <se lang="ru" variant_id="1">Самуил Львович Шполянский, крупный, царственно спокойный пожилой господин, и граф Федор Никитич Порошин, маленький заика, легко приходящий в возбужденье, — оба они году в 1920-м были членами одного из героических краевых правительств, сформированных в провинциях России различными демократическими группами, чтобы противостоять большевистской диктатуре, — прохаживались по сосновой аллее, обсуждая тактику, которой им следует придерживаться на следующем объединенном заседании "Комитета свободной России" (основанного ими в Нью-Йорке) в отношении другой, более молодой антикоммунистической организации.</se>
  </para>
  <para id="11">
    <se lang="uk" variant_id="0">From a pavilion half smothered by locust trees came fragments of a heated exchange between Professor Bolotov, who taught the History of Philosophy, and Professor Chateau, who taught the Philosophy of History: 'Reality is Duration,' one voice, Bolotov's, would boom.</se>
    <se lang="ru" variant_id="1">Из беседки, полузадушенной белой акацией, доносились обрывки горячего спора между профессором Болотовым, который читал курс истории философии и профессором Шато, который читал курс философии истории. "Реальность есть длительность", — гремел один из голосов, голос Болотова.</se>
  </para>
  <para id="12">
    <se lang="uk" variant_id="0">'It is not!' the other would cry.</se>
    <se lang="ru" variant_id="1">"А вот и нет! — восклицал другой.</se>
  </para>
  <para id="13">
    <se lang="uk" variant_id="0">'A soap bubble is as real as a fossil tooth!'</se>
    <se lang="ru" variant_id="1">— Мыльный пузырь не менее реален, чем окаменелый зуб ископаемого".</se>
  </para>
  <para id="14">
    <se lang="uk" variant_id="0">Pnin and Chateau, both born in the late nineties of the nineteenth century, were comparative youngsters.</se>
    <se lang="ru" variant_id="1">Пнин и Шато, оба родившиеся в конце девяностых годов прошлого века, считались сравнительно молодыми.</se>
  </para>
  <para id="15">
    <se lang="uk" variant_id="0">Most of the other men had seen sixty and had trudged on.</se>
    <se lang="ru" variant_id="1">Большинство мужчин здесь перешагнуло за шестьдесят и плелось дальше.</se>
  </para>
  <para id="16">
    <se lang="uk" variant_id="0">On the other hand, a few of the ladies, such as Countess Poroshin and Madam Bolotov, were still in their late forties and thanks to the hygienic atmosphere of the New World, had not only preserved, but improved, their good looks.</se>
    <se lang="ru" variant_id="1">С другой стороны, некоторым из дам, как, например, княгине Порошиной и мадам Болотовой, еще не исполнилось пятидесяти, и, благодаря здоровой атмосфере Нового Света, они не только сохранили, но еще и усовершенствовали свою красоту.</se>
  </para>
  <para id="17">
    <se lang="uk" variant_id="0">Some parents brought their offspring with them вЂ” healthy, tall, indolent, difficult American children of college age, with no sense of Nature, and no Russian, and no interest whatsoever in the niceties of their parents' backgrounds and pasts.</se>
    <se lang="ru" variant_id="1">Некоторые из родителей привезли с собой своих отпрысков — здоровых, высоких, ленивых, избалованных американских детей студенческого возраста, не имевших ни чувства природы, ни знания русского языка, ни какого-либо интереса к подробностям происхождения или прошлого своих родителей.</se>
  </para>
  <para id="18">
    <se lang="uk" variant_id="0">They seemed to live at The Pines on a physical and mental plane entirely different from that of their parents: now and then passing from their own level to ours through a kind of interdimensional shimmer; responding curtly to a well-meaning Russian joke or anxious piece of advice, and then fading away again, keeping always aloof (so that one felt one had engendered a brood of elves), and preferring any Onkwedo store product, any sort of canned goods to the marvellous Russian foods provided by the Kukolnikov household at loud, long dinners on the screened porch.</se>
    <se lang="ru" variant_id="1">Казалось, они живут здесь в Соснах совершенно в ином физическом и умственном измерении, чем их родители: по временам они сходили со своего уровня на наш посредством неких межпространственных мерцающих сигналов; отрывисто отвечали на добродушную русскую шутку или совет, даваемый от души, а потом испарялись снова; держались всегда в отдалении (так, что у человека могло появиться ощущение, будто он породил на свет какуюто породу эльфов) и предпочитали любые продукты в банках или пакетиках из онкведской лавочки тем изумительным русским блюдам, что подавали у Кукольниковых в протяжение долгих и шумных ужинов на занавешенной сеткой террасе.</se>
  </para>
  <para id="19">
    <se lang="uk" variant_id="0">With great distress Poroshin would say of his children (Igor and Olga, college sophomores) 'My twins are exasperating.</se>
    <se lang="ru" variant_id="1">Порошин с глубоким огорчением рассказывал о своих детях (студентах второго курса Игоре и Ольге): "Близнецы мои просто несносны.</se>
  </para>
  <para id="20">
    <se lang="uk" variant_id="0">When I see them at home during breakfast or dinner and try to tell them most interesting, most exciting things вЂ” for instance, about local elective self-government in the Russian Far North in the seventeenth century or, say, something about the history of the first medical schools in Russia вЂ” there is, by the way, an excellent monograph by Chistovich on the subject, published in 1883 вЂ” they simply wander off and turn on the radio in their rooms.' Both young people were around the summer Pnin was invited to The Pines.</se>
    <se lang="ru" variant_id="1">Когда я вижу их дома за завтраком или обедом и пытаюсь рассказать им какие-нибудь самые интересные, самые увлекательные вещи — скажем, о местном выборном самоуправлении на Крайнем Севере России в семнадцатом веке или, скажем, что-нибудь об истории первых медицинских школ в России — есть, между прочим, отличная монография Чистовича об этом предмете, вышедшая в 1883 году, — они попросту уходят из-за стола и включают радио у себя в комнатах". В то лето, когда Пнин гостил в Соснах, близнецы тоже находились там.</se>
  </para>
  <para id="21">
    <se lang="uk" variant_id="0">But they stayed invisible; they would have been hideously bored in this out-of-the-way place, had not Olga's admirer, a college boy whose surname nobody seemed to know, arrived from Boston for the week-end in a spectacular car, and had not Igor found a congenial companion in Nina, the Bolotov girl, a handsome slattern with Egyptian eyes and brown limbs, who went to a dancing school in New York.</se>
    <se lang="ru" variant_id="1">Но они оставались невидимы; и они, вероятно, совсем пропали бы от тоски в этом захолустье, если бы Ольгин поклонник, студент, фамилии которого, кажется, никто так и не узнал, не приехал однажды на уик-энд из Бостона в шикарной машине и если бы Игорь не нашел себе достойной подружки в болотовской Нине, красивой неряхе с египетскими глазами, смуглорукой и смуглоногой, посещавшей в Нью-Йорке какую-то балетную школу.</se>
  </para>
  <para id="22">
    <se lang="uk" variant_id="0">The household was looked after by Praskovia, a sturdy, sixty-year-old woman of the people with the vivacity of one a score of years younger.</se>
    <se lang="ru" variant_id="1">Хозяйство в Соснах вела Прасковья, крепкая шестидесятилетняя женщина из народа, чьей живости могла б позавидовать любая сорокалетняя.</se>
  </para>
  <para id="23">
    <se lang="uk" variant_id="0">It was an exhilarating sight to watch her as she stood on the back porch surveying the chickens, knuckles on hips, dressed in baggy home-made shorts and a matronly blouse with rhinestones.</se>
    <se lang="ru" variant_id="1">Радостно было видеть, как, одетая в мешковатые самодельные шорты и весьма солидную блузу с фальшивыми камешками, она стоит, уперев руки в бедра, на заднем крыльце и наблюдает за цыплятами.</se>
  </para>
  <para id="24">
    <se lang="uk" variant_id="0">She had nursed Alexandr and his brother when both were children in Harbin and now she was helped in her household duties by her husband, a gloomy and stolid old Cossack whose main passions in life were amateur bookbinding вЂ” a self-taught and almost pathological process that he was impelled to inflict upon any old catalogue or pulp magazine that came his way; the making of fruit liqueurs; and the killing of small forest animals.</se>
    <se lang="ru" variant_id="1">Она нянчила Александра и его брата в Харбине, когда они были маленькие, теперь же ей помогал по хозяйству ее муж, угрюмый и флегматичный старый казак, в жизни которого главными страстями были, во-первых, переплетное дело — он выучился переплетать самоучкой и испытывал потребность подвергать этой мучительной и весьма несовершенной операции любой старый каталог или бросовый журнал, попавший ему под руку; во-вторых, изготовление фруктовых наливок; и в-третьих, убийство мелких лесных тварей.</se>
  </para>
  <para id="25">
    <se lang="uk" variant_id="0">Of that season's guests, Pnin knew well Professor Chateau, a friend of his youth, with whom he had attended the University of Prague in the early twenties, and he was also well acquainted with the Bolotovs, whom he had last seen in 1949 when he welcomed them with a speech at a formal dinner given them by the Association of Russian Г‰migrГ© Scholars at the Barbizon-Plaza, upon the occasion of Bolotov's arrival from France.</se>
    <se lang="ru" variant_id="1">Из тех, кто гостил в Соснах в то лето, Пнин близко знал профессора Шато, который был другом его юности и с которым они вместе учились в Пражском университете в начале двадцатых годов, а также хорошо был знаком с Болотовыми, которых в последний раз видел в 1949 году, когда произносил в их честь приветственную речь на официальном обеде, устроенном в "Барбизон-Плаза" Ассоциацией русских эмигрантских ученых по поводу приезда Болотова из Франции.</se>
  </para>
  <para id="26">
    <se lang="uk" variant_id="0">Personally, I never cared much for Bolotov and his philosophical works, which so oddly combine the obscure and the trite; the man's achievement is perhaps a mountain вЂ” but a mountain of platitudes; I have always liked, however, Varvara, the seedy philosopher's exuberant buxom wife.</se>
    <se lang="ru" variant_id="1">Лично мне никогда особенно не нравились ни сам Болотов, ни его философские труды, которые так странно сочетают в себе невразумительное с избитым; я допускаю, что человек этот воздвиг гору — но это гора банальностей; зато мне всегда нравилась Варвара, цветущая и веселая жена хилого философа.</se>
  </para>
  <para id="27">
    <se lang="uk" variant_id="0">When she first visited The Pines, in 1951, she had never seen the New England countryside before.</se>
    <se lang="ru" variant_id="1">Именно здесь, в Соснах, в 1951 году, она впервые увидела природу Новой Англии.</se>
  </para>
  <para id="28">
    <se lang="uk" variant_id="0">Its birches and bilberries deceived her into placing mentally Lake Onkwedo, not on the parallel of, say, Lake Ohrida in the Balkans, where it belonged, but on that of Lake Onega in northern Russia, where she had spent her first fifteen summers, before fleeing from the Bolsheviks to western Europe, with her aunt Lidia Vinogradov, the well-known feminist and social worker.</se>
    <se lang="ru" variant_id="1">Здешние березы и черника навели ее на мысль, будто Онкведское озеро лежит не на параллели, скажем, Охридского озера на Балканах, что соответствовало бы истине, а на параллели Онежского озера в Северной России, где она проводила летние каникулы первые пятнадцать лет своей жизни, до того, как сбежать от большевиков в Западную Европу вместе со своей тетушкой Лидией Виноградовой, известной феминисткой и общественной деятельницей.</se>
  </para>
  <para id="29">
    <se lang="uk" variant_id="0">Consequently the sight of a humming-bird in probing flight, or a catalpa in ample bloom, produced upon Varvara the effect of some unnatural or exotic vision.</se>
    <se lang="ru" variant_id="1">Вследствие этого заблуждения колибри и катальпа в цвету представились ей противоестественным и экзотическим зрелищем.</se>
  </para>
  <para id="30">
    <se lang="uk" variant_id="0">More fabulous than pictures in a bestiary were to her the tremendous porcupines that came to gnaw at the delicious, gamy old wood of the house, or the elegant, eerie little skunks that sampled the cat's milk in the backyard.</se>
    <se lang="ru" variant_id="1">А огромные дикобразы, приходящие из леса поглодать аппетитные, с душком гнили старые стены, или изящные, жуткие маленькие скунсы, которые лакомились на заднем дворе молоком из кошачьей миски, показались ей более мифическими, чем картинки в бестиарии.</se>
  </para>
  <para id="31">
    <se lang="uk" variant_id="0">She was nonplussed and enchanted by the number of plants and creatures she could not identify, mistook Yellow Warblers for stray canaries, and on the occasion of Susan's birthday was known to have brought, with pride and panting enthusiasm, for the ornamentation of the dinner table, a profusion of beautiful poison-ivy leaves, hugged to her pink, freckled breast.</se>
    <se lang="ru" variant_id="1">Она была поражена и зачарована великим множеством растений и живых тварей, которых она не могла опознать, приняла желтых американских славок за одичавших канареек, а на день рожденья Сьюзен, задыхаясь от восторга, горделиво принесла для украшения праздничного стола целую кипу живописных листьев ядовитого американского плюща, которые она прижимала к своей розовой веснушчатой груди.</se>
  </para>
</body>
</html>
